candidate_id,tsa_id,tsa_section,tsa_text,target_corpus,target_id,target_text,rank,cosine_similarity,tentative_alignment_type
CAND-00001,TSA-001,2,Develop a corporate security plan as described in Section 3,CSF2.0,RS.MA-01,The incident response plan is executed in coordination with relevant third parties once an incident is declared,1,0.0498,No Match
CAND-00002,TSA-001,2,Develop a corporate security plan as described in Section 3,CSF2.0,RC.RP-01,The recovery portion of the incident response plan is executed once initiated from the incident response process,2,0.0443,No Match
CAND-00003,TSA-001,2,Develop a corporate security plan as described in Section 3,CSF2.0,ID.IM-02,"Improvements are identified from security tests and exercises, including those done in coordination with suppliers and relevant third parties",3,0.0215,No Match
CAND-00004,TSA-002,2,"Ensure sufficient resources, to include trained staff and equipment",CSF2.0,DE.AE-06,Information on adverse events is provided to authorized staff and tools,1,0.0727,No Match
CAND-00005,TSA-002,2,"Ensure sufficient resources, to include trained staff and equipment",CSF2.0,GV.RR-04,Cybersecurity is included in human resources practices,2,0.0726,No Match
CAND-00006,TSA-002,2,"Ensure sufficient resources, to include trained staff and equipment",CSF2.0,ID.AM-05,"Assets are prioritized based on classification, criticality, resources, and impact on the mission",3,0.0559,No Match
CAND-00007,TSA-003,2,Ensure identified security deficiencies have appropriate financial resources allocated,CSF2.0,GV.RR-03,"Adequate resources are allocated commensurate with the cybersecurity risk strategy, roles, responsibilities, and policies",1,0.1818,Partial
CAND-00008,TSA-003,2,Ensure identified security deficiencies have appropriate financial resources allocated,CSF2.0,ID.IM-02,"Improvements are identified from security tests and exercises, including those done in coordination with suppliers and relevant third parties",2,0.1248,Related
CAND-00009,TSA-003,2,Ensure identified security deficiencies have appropriate financial resources allocated,CSF2.0,ID.IM-01,Improvements are identified from evaluations,3,0.0777,No Match
CAND-00010,TSA-004,2,Assign a qualified primary and alternate staff member to manage the corporate security program,CSF2.0,DE.AE-06,Information on adverse events is provided to authorized staff and tools,1,0.0603,No Match
CAND-00011,TSA-004,2,Assign a qualified primary and alternate staff member to manage the corporate security program,CSF2.0,GV.SC-01,"A cybersecurity supply chain risk management program, strategy, objectives, policies, and processes are established and agreed to by organizational stakeholders",2,0.0401,No Match
CAND-00012,TSA-004,2,Assign a qualified primary and alternate staff member to manage the corporate security program,CSF2.0,ID.IM-02,"Improvements are identified from security tests and exercises, including those done in coordination with suppliers and relevant third parties",3,0.0154,No Match
CAND-00013,TSA-005,2,"Develop and maintain a cyber/SCADA security plan, or incorporate measures in corporate plan",CSF2.0,RS.MA-01,The incident response plan is executed in coordination with relevant third parties once an incident is declared,1,0.0746,No Match
CAND-00014,TSA-005,2,"Develop and maintain a cyber/SCADA security plan, or incorporate measures in corporate plan",CSF2.0,RC.RP-01,The recovery portion of the incident response plan is executed once initiated from the incident response process,2,0.0663,No Match
CAND-00015,TSA-005,2,"Develop and maintain a cyber/SCADA security plan, or incorporate measures in corporate plan",CSF2.0,PR.AA-05,"Access permissions, entitlements, and authorizations are defined in a policy, managed, enforced, and reviewed, and incorporate the principles of least privilege and separation of duties",3,0.0454,No Match
CAND-00016,TSA-006,2,Develop and maintain security elements within corporate incident response and recovery plan,CSF2.0,RC.RP-01,The recovery portion of the incident response plan is executed once initiated from the incident response process,1,0.2617,Partial
CAND-00017,TSA-006,2,Develop and maintain security elements within corporate incident response and recovery plan,CSF2.0,RS.MA-01,The incident response plan is executed in coordination with relevant third parties once an incident is declared,2,0.1759,Related
CAND-00018,TSA-006,2,Develop and maintain security elements within corporate incident response and recovery plan,CSF2.0,GV.SC-08,"Relevant suppliers and other third parties are included in incident planning, response, and recovery activities",3,0.1757,Related
CAND-00019,TSA-007,2,Implement appropriate threat level protective measures upon NTAS receipt,CSF2.0,DE.AE-07,Cyber threat intelligence and other contextual information are integrated into the analysis,1,0.0502,No Match
CAND-00020,TSA-007,2,Implement appropriate threat level protective measures upon NTAS receipt,CSF2.0,GV.RM-04,Strategic direction that describes appropriate risk response options is established and communicated,2,0.0468,No Match
CAND-00021,TSA-007,2,Implement appropriate threat level protective measures upon NTAS receipt,CSF2.0,ID.RA-02,Cyber threat intelligence is received from information sharing forums and sources,3,0.0462,No Match
CAND-00022,TSA-008,2,Notify TSA of security incidents meeting criteria in Appendix B by phone or email,CSF2.0,DE.AE-08,Incidents are declared when adverse events meet the defined incident criteria,1,0.0886,Related
CAND-00023,TSA-008,2,Notify TSA of security incidents meeting criteria in Appendix B by phone or email,CSF2.0,RS.MI-01,Incidents are contained,2,0.0803,Related
CAND-00024,TSA-008,2,Notify TSA of security incidents meeting criteria in Appendix B by phone or email,CSF2.0,RS.MI-02,Incidents are eradicated,3,0.0803,Related
CAND-00025,TSA-009,3.1,Identify the primary and alternate security manager responsible for executing plan,CSF2.0,GV.RR-01,"Organizational leadership is responsible and accountable for cybersecurity risk and fosters a culture that is risk-aware, ethical, and continually improving",1,0.0463,No Match
CAND-00026,TSA-009,3.1,Identify the primary and alternate security manager responsible for executing plan,CSF2.0,RS.MA-01,The incident response plan is executed in coordination with relevant third parties once an incident is declared,2,0.0407,No Match
CAND-00027,TSA-009,3.1,Identify the primary and alternate security manager responsible for executing plan,CSF2.0,RC.RP-01,The recovery portion of the incident response plan is executed once initiated from the incident response process,3,0.0362,No Match
CAND-00028,TSA-010,3.1,Document company's security-related policies and procedures,CSF2.0,GV.RR-02,"Roles, responsibilities, and authorities related to cybersecurity risk management are established, communicated, understood, and enforced",1,0.0743,No Match
CAND-00029,TSA-010,3.1,Document company's security-related policies and procedures,CSF2.0,RC.RP-06,"The end of incident recovery is declared based on criteria, and incident-related documentation is completed",2,0.0699,No Match
CAND-00030,TSA-010,3.1,Document company's security-related policies and procedures,CSF2.0,ID.IM-03,"Improvements are identified from execution of operational processes, procedures, and activities",3,0.0473,No Match
CAND-00031,TSA-011,3.1,"Reference other company plans, policies and procedures such as insider threat",CSF2.0,ID.IM-04,"Incident response plans and other cybersecurity plans that affect operations are established, communicated, maintained, and improved",1,0.1003,Related
CAND-00032,TSA-011,3.1,"Reference other company plans, policies and procedures such as insider threat",CSF2.0,DE.AE-07,Cyber threat intelligence and other contextual information are integrated into the analysis,2,0.0562,No Match
CAND-00033,TSA-011,3.1,"Reference other company plans, policies and procedures such as insider threat",CSF2.0,ID.RA-02,Cyber threat intelligence is received from information sharing forums and sources,3,0.0517,No Match
CAND-00034,TSA-012,3.1,"Be reviewed on an annual basis, and updated as required based on findings",CSF2.0,GV.PO-02,"Policy for managing cybersecurity risks is reviewed, updated, communicated, and enforced to reflect changes in requirements, threats, technology, and organizational mission",1,0.0916,Related
CAND-00035,TSA-012,3.1,"Be reviewed on an annual basis, and updated as required based on findings",CSF2.0,GV.OV-03,Organizational cybersecurity risk management performance is evaluated and reviewed for adjustments needed,2,0.0512,No Match
CAND-00036,TSA-012,3.1,"Be reviewed on an annual basis, and updated as required based on findings",CSF2.0,PR.AA-02,Identities are proofed and bound to credentials based on the context of interactions,3,0.0489,No Match
CAND-00037,TSA-013,3.1,Be protected from unauthorized access based on company policy,CSF2.0,PR.IR-01,Networks and environments are protected from unauthorized logical access and usage,1,0.2524,Partial
CAND-00038,TSA-013,3.1,Be protected from unauthorized access based on company policy,CSF2.0,GV.PO-01,"Policy for managing cybersecurity risks is established based on organizational context, cybersecurity strategy, and priorities and is communicated and enforced",2,0.0946,Related
CAND-00039,TSA-013,3.1,Be protected from unauthorized access based on company policy,CSF2.0,PR.AA-05,"Access permissions, entitlements, and authorizations are defined in a policy, managed, enforced, and reviewed, and incorporate the principles of least privilege and separation of duties",3,0.0717,No Match
CAND-00040,TSA-014,3.1,Be provided to TSA for review upon request,CSF2.0,ID.AM-04,Inventories of services provided by suppliers are maintained,1,0.1083,Related
CAND-00041,TSA-014,3.1,Be provided to TSA for review upon request,CSF2.0,DE.AE-06,Information on adverse events is provided to authorized staff and tools,2,0.0889,Related
CAND-00042,TSA-014,3.1,Be provided to TSA for review upon request,CSF2.0,PR.AT-01,Personnel are provided with awareness and training so that they possess the knowledge and skills to perform general tasks with cybersecurity risks in mind,3,0.0639,No Match
CAND-00043,TSA-015,4.2,"Conduct facility criticality assessments on a periodic basis, not to exceed 18 months",CSF2.0,GV.SC-04,Suppliers are known and prioritized by criticality,1,0.0744,No Match
CAND-00044,TSA-015,4.2,"Conduct facility criticality assessments on a periodic basis, not to exceed 18 months",CSF2.0,ID.AM-05,"Assets are prioritized based on classification, criticality, resources, and impact on the mission",2,0.0511,No Match
CAND-00045,TSA-015,4.2,"Conduct facility criticality assessments on a periodic basis, not to exceed 18 months",CSF2.0,RC.RP-06,"The end of incident recovery is declared based on criteria, and incident-related documentation is completed",3,0.0,No Match
CAND-00046,TSA-016,4.2,"Document the methodology used, and retain criticality assessment until no longer valid",CSF2.0,GV.SC-04,Suppliers are known and prioritized by criticality,1,0.0777,No Match
CAND-00047,TSA-016,4.2,"Document the methodology used, and retain criticality assessment until no longer valid",CSF2.0,ID.RA-05,"Threats, vulnerabilities, likelihoods, and impacts are used to understand inherent risk and inform risk response prioritization",2,0.055,No Match
CAND-00048,TSA-016,4.2,"Document the methodology used, and retain criticality assessment until no longer valid",CSF2.0,ID.AM-05,"Assets are prioritized based on classification, criticality, resources, and impact on the mission",3,0.0533,No Match
CAND-00049,TSA-017,4.2,Conduct an SVA for facilities determined to be critical,CSF2.0,ID.RA-10,Critical suppliers are assessed prior to acquisition,1,0.0598,No Match
CAND-00050,TSA-017,4.2,Conduct an SVA for facilities determined to be critical,CSF2.0,GV.OC-04,"Critical objectives, capabilities, and services that external stakeholders depend on or expect from the organization are understood and communicated",2,0.0395,No Match
CAND-00051,TSA-017,4.2,Conduct an SVA for facilities determined to be critical,CSF2.0,RC.RP-04,Critical mission functions and cybersecurity risk management are considered to establish post-incident operational norms,3,0.0387,No Match
CAND-00052,TSA-018,4.2,Maintain and secure the company's list of critical facilities,CSF2.0,ID.RA-10,Critical suppliers are assessed prior to acquisition,1,0.0537,No Match
CAND-00053,TSA-018,4.2,Maintain and secure the company's list of critical facilities,CSF2.0,PR.PS-06,"Secure software development practices are integrated, and their performance is monitored throughout the software development life cycle",2,0.048,No Match
CAND-00054,TSA-018,4.2,Maintain and secure the company's list of critical facilities,CSF2.0,GV.OC-04,"Critical objectives, capabilities, and services that external stakeholders depend on or expect from the organization are understood and communicated",3,0.0354,No Match
CAND-00055,TSA-019,4.3,"Conduct an SVA on a periodic basis, not to exceed 36 months",CSF2.0,RC.CO-04,Public updates on incident recovery are shared using approved methods and messaging,1,0.0,No Match
CAND-00056,TSA-019,4.3,"Conduct an SVA on a periodic basis, not to exceed 36 months",CSF2.0,RC.CO-03,Recovery activities and progress in restoring operational capabilities are communicated to designated internal and external stakeholders,2,0.0,No Match
CAND-00057,TSA-019,4.3,"Conduct an SVA on a periodic basis, not to exceed 36 months",CSF2.0,RC.RP-06,"The end of incident recovery is declared based on criteria, and incident-related documentation is completed",3,0.0,No Match
CAND-00058,TSA-020,4.3,Conduct SVA within 12 months after completion of significant enhancement,CSF2.0,RC.CO-04,Public updates on incident recovery are shared using approved methods and messaging,1,0.0,No Match
CAND-00059,TSA-020,4.3,Conduct SVA within 12 months after completion of significant enhancement,CSF2.0,RC.CO-03,Recovery activities and progress in restoring operational capabilities are communicated to designated internal and external stakeholders,2,0.0,No Match
CAND-00060,TSA-020,4.3,Conduct SVA within 12 months after completion of significant enhancement,CSF2.0,RC.RP-06,"The end of incident recovery is declared based on criteria, and incident-related documentation is completed",3,0.0,No Match
CAND-00061,TSA-021,4.3,Conduct SVA for newly identified or constructed critical facilities within 12 months,CSF2.0,ID.IM-01,Improvements are identified from evaluations,1,0.0765,No Match
CAND-00062,TSA-021,4.3,Conduct SVA for newly identified or constructed critical facilities within 12 months,CSF2.0,ID.RA-01,"Vulnerabilities in assets are identified, validated, and recorded",2,0.0581,No Match
CAND-00063,TSA-021,4.3,Conduct SVA for newly identified or constructed critical facilities within 12 months,CSF2.0,ID.RA-03,Internal and external threats to the organization are identified and recorded,3,0.0553,No Match
CAND-00064,TSA-022,4.3,Document findings from each assessment and retain until no longer valid,CSF2.0,GV.SC-03,"Cybersecurity supply chain risk management is integrated into cybersecurity and enterprise risk management, risk assessment, and improvement processes",1,0.0415,No Match
CAND-00065,TSA-022,4.3,Document findings from each assessment and retain until no longer valid,CSF2.0,RC.CO-04,Public updates on incident recovery are shared using approved methods and messaging,2,0.0,No Match
CAND-00066,TSA-022,4.3,Document findings from each assessment and retain until no longer valid,CSF2.0,RC.RP-06,"The end of incident recovery is declared based on criteria, and incident-related documentation is completed",3,0.0,No Match
CAND-00067,TSA-023,4.3,Implement appropriate SVA findings in timely fashion but no later than 24 months,CSF2.0,GV.RM-04,Strategic direction that describes appropriate risk response options is established and communicated,1,0.0444,No Match
CAND-00068,TSA-023,4.3,Implement appropriate SVA findings in timely fashion but no later than 24 months,CSF2.0,RC.CO-04,Public updates on incident recovery are shared using approved methods and messaging,2,0.0,No Match
CAND-00069,TSA-023,4.3,Implement appropriate SVA findings in timely fashion but no later than 24 months,CSF2.0,RC.RP-06,"The end of incident recovery is declared based on criteria, and incident-related documentation is completed",3,0.0,No Match
CAND-00070,TSA-024,4.3,Document assessment methodology and make available for TSA review upon request,CSF2.0,PR.PS-04,Log records are generated and made available for continuous monitoring,1,0.0596,No Match
CAND-00071,TSA-024,4.3,Document assessment methodology and make available for TSA review upon request,CSF2.0,GV.SC-03,"Cybersecurity supply chain risk management is integrated into cybersecurity and enterprise risk management, risk assessment, and improvement processes",2,0.0359,No Match
CAND-00072,TSA-024,4.3,Document assessment methodology and make available for TSA review upon request,CSF2.0,RC.RP-06,"The end of incident recovery is declared based on criteria, and incident-related documentation is completed",3,0.0,No Match
CAND-00073,TSA-025,5.2,Develop a written policy and procedure to identify critical facilities,CSF2.0,ID.RA-10,Critical suppliers are assessed prior to acquisition,1,0.0486,No Match
CAND-00074,TSA-025,5.2,Develop a written policy and procedure to identify critical facilities,CSF2.0,GV.PO-01,"Policy for managing cybersecurity risks is established based on organizational context, cybersecurity strategy, and priorities and is communicated and enforced",2,0.0418,No Match
CAND-00075,TSA-025,5.2,Develop a written policy and procedure to identify critical facilities,CSF2.0,GV.PO-02,"Policy for managing cybersecurity risks is reviewed, updated, communicated, and enforced to reflect changes in requirements, threats, technology, and organizational mission",3,0.0384,No Match
CAND-00076,TSA-026,6.2,Develop and implement baseline security measures at all facilities,CSF2.0,ID.IM-02,"Improvements are identified from security tests and exercises, including those done in coordination with suppliers and relevant third parties",1,0.0235,No Match
CAND-00077,TSA-026,6.2,Develop and implement baseline security measures at all facilities,CSF2.0,GV.SC-09,"Supply chain security practices are integrated into cybersecurity and enterprise risk management programs, and their performance is monitored throughout the technology product and service life cycle",2,0.0178,No Match
CAND-00078,TSA-026,6.2,Develop and implement baseline security measures at all facilities,CSF2.0,RC.RP-06,"The end of incident recovery is declared based on criteria, and incident-related documentation is completed",3,0.0,No Match
CAND-00079,TSA-027,6.2,Develop and implement both baseline and enhanced security measures at critical facilities,CSF2.0,ID.RA-10,Critical suppliers are assessed prior to acquisition,1,0.0493,No Match
CAND-00080,TSA-027,6.2,Develop and implement both baseline and enhanced security measures at critical facilities,CSF2.0,GV.OC-04,"Critical objectives, capabilities, and services that external stakeholders depend on or expect from the organization are understood and communicated",2,0.0325,No Match
CAND-00081,TSA-027,6.2,Develop and implement both baseline and enhanced security measures at critical facilities,CSF2.0,RC.RP-04,Critical mission functions and cybersecurity risk management are considered to establish post-incident operational norms,3,0.0319,No Match
CAND-00082,TSA-028,6.3,"Develop, document, and implement site-specific security measures for critical facilities",CSF2.0,ID.RA-10,Critical suppliers are assessed prior to acquisition,1,0.0465,No Match
CAND-00083,TSA-028,6.3,"Develop, document, and implement site-specific security measures for critical facilities",CSF2.0,GV.OC-04,"Critical objectives, capabilities, and services that external stakeholders depend on or expect from the organization are understood and communicated",2,0.0307,No Match
CAND-00084,TSA-028,6.3,"Develop, document, and implement site-specific security measures for critical facilities",CSF2.0,RC.RP-04,Critical mission functions and cybersecurity risk management are considered to establish post-incident operational norms,3,0.0301,No Match
CAND-00085,TSA-029,6.3,"Review site-specific security measures periodically, not to exceed 18 months",CSF2.0,ID.IM-02,"Improvements are identified from security tests and exercises, including those done in coordination with suppliers and relevant third parties",1,0.0177,No Match
CAND-00086,TSA-029,6.3,"Review site-specific security measures periodically, not to exceed 18 months",CSF2.0,GV.SC-09,"Supply chain security practices are integrated into cybersecurity and enterprise risk management programs, and their performance is monitored throughout the technology product and service life cycle",2,0.0134,No Match
CAND-00087,TSA-029,6.3,"Review site-specific security measures periodically, not to exceed 18 months",CSF2.0,RC.RP-06,"The end of incident recovery is declared based on criteria, and incident-related documentation is completed",3,0.0,No Match
CAND-00088,TSA-030,T2,Employ measures to impede unauthorized access to facilities,CSF2.0,PR.IR-01,Networks and environments are protected from unauthorized logical access and usage,1,0.0999,Related
CAND-00089,TSA-030,T2,Employ measures to impede unauthorized access to facilities,CSF2.0,PR.PS-05,Installation and execution of unauthorized software are prevented,2,0.0645,No Match
CAND-00090,TSA-030,T2,Employ measures to impede unauthorized access to facilities,CSF2.0,PR.AA-06,"Physical access to assets is managed, monitored, and enforced commensurate with risk",3,0.0449,No Match
CAND-00091,TSA-031,T2,Create a security perimeter impeding unauthorized vehicles using barriers,CSF2.0,RC.RP-03,The integrity of backups and other restoration assets is verified before using them for restoration,1,0.0498,No Match
CAND-00092,TSA-031,T2,Create a security perimeter impeding unauthorized vehicles using barriers,CSF2.0,PR.PS-05,Installation and execution of unauthorized software are prevented,2,0.049,No Match
CAND-00093,TSA-031,T2,Create a security perimeter impeding unauthorized vehicles using barriers,CSF2.0,RC.CO-04,Public updates on incident recovery are shared using approved methods and messaging,3,0.0467,No Match
CAND-00094,TSA-032,T2,Maintain fences without gaps around gates or underneath fence line,CSF2.0,RC.CO-04,Public updates on incident recovery are shared using approved methods and messaging,1,0.0,No Match
CAND-00095,TSA-032,T2,Maintain fences without gaps around gates or underneath fence line,CSF2.0,RC.CO-03,Recovery activities and progress in restoring operational capabilities are communicated to designated internal and external stakeholders,2,0.0,No Match
CAND-00096,TSA-032,T2,Maintain fences without gaps around gates or underneath fence line,CSF2.0,RC.RP-06,"The end of incident recovery is declared based on criteria, and incident-related documentation is completed",3,0.0,No Match
CAND-00097,TSA-033,T2,"Ensure clear zone several feet on either side of fence, free of obstructions",CSF2.0,PR.IR-04,Adequate resource capacity to ensure availability is maintained,1,0.0407,No Match
CAND-00098,TSA-033,T2,"Ensure clear zone several feet on either side of fence, free of obstructions",CSF2.0,GV.OV-02,The cybersecurity risk management strategy is reviewed and adjusted to ensure coverage of organizational requirements and risks,2,0.0323,No Match
CAND-00099,TSA-033,T2,"Ensure clear zone several feet on either side of fence, free of obstructions",CSF2.0,RC.RP-06,"The end of incident recovery is declared based on criteria, and incident-related documentation is completed",3,0.0,No Match
CAND-00100,TSA-034,T2,Employ measures to impede unauthorized persons from gaining facility access,CSF2.0,PR.IR-01,Networks and environments are protected from unauthorized logical access and usage,1,0.0796,No Match
CAND-00101,TSA-034,T2,Employ measures to impede unauthorized persons from gaining facility access,CSF2.0,PR.PS-05,Installation and execution of unauthorized software are prevented,2,0.0514,No Match
CAND-00102,TSA-034,T2,Employ measures to impede unauthorized persons from gaining facility access,CSF2.0,PR.AA-06,"Physical access to assets is managed, monitored, and enforced commensurate with risk",3,0.0358,No Match
CAND-00103,TSA-035,T2,Implement procedures for controlling access to facility and restricted areas,CSF2.0,ID.IM-03,"Improvements are identified from execution of operational processes, procedures, and activities",1,0.0394,No Match
CAND-00104,TSA-035,T2,Implement procedures for controlling access to facility and restricted areas,CSF2.0,PR.IR-01,Networks and environments are protected from unauthorized logical access and usage,2,0.0379,No Match
CAND-00105,TSA-035,T2,Implement procedures for controlling access to facility and restricted areas,CSF2.0,PR.AA-06,"Physical access to assets is managed, monitored, and enforced commensurate with risk",3,0.0377,No Match
CAND-00106,TSA-036,T2,Close and secure perimeter gates or entrances when not in use,CSF2.0,PR.DS-10,"The confidentiality, integrity, and availability of data-in-use are protected",1,0.0736,No Match
CAND-00107,TSA-036,T2,Close and secure perimeter gates or entrances when not in use,CSF2.0,ID.RA-09,The authenticity and integrity of hardware and software are assessed prior to acquisition and use,2,0.0595,No Match
CAND-00108,TSA-036,T2,Close and secure perimeter gates or entrances when not in use,CSF2.0,PR.PS-06,"Secure software development practices are integrated, and their performance is monitored throughout the software development life cycle",3,0.0437,No Match
CAND-00109,TSA-037,T2,Post 'No Trespassing' or 'Authorized Personnel Only' signs at visible intervals,CSF2.0,DE.AE-06,Information on adverse events is provided to authorized staff and tools,1,0.0643,No Match
CAND-00110,TSA-037,T2,Post 'No Trespassing' or 'Authorized Personnel Only' signs at visible intervals,CSF2.0,PR.AA-01,"Identities and credentials for authorized users, services, and hardware are managed by the organization",2,0.0598,No Match
CAND-00111,TSA-037,T2,Post 'No Trespassing' or 'Authorized Personnel Only' signs at visible intervals,CSF2.0,DE.CM-03,Personnel activity and technology usage are monitored to find potentially adverse events,3,0.0502,No Match
CAND-00112,TSA-038,T2,Install and maintain gates of equivalent quality to attached barrier,CSF2.0,RC.CO-04,Public updates on incident recovery are shared using approved methods and messaging,1,0.0,No Match
CAND-00113,TSA-038,T2,Install and maintain gates of equivalent quality to attached barrier,CSF2.0,RC.CO-03,Recovery activities and progress in restoring operational capabilities are communicated to designated internal and external stakeholders,2,0.0,No Match
CAND-00114,TSA-038,T2,Install and maintain gates of equivalent quality to attached barrier,CSF2.0,RC.RP-06,"The end of incident recovery is declared based on criteria, and incident-related documentation is completed",3,0.0,No Match
CAND-00115,TSA-039,T2,"Establish and document key control procedures for issuance, tracking, collection",CSF2.0,ID.IM-03,"Improvements are identified from execution of operational processes, procedures, and activities",1,0.0363,No Match
CAND-00116,TSA-039,T2,"Establish and document key control procedures for issuance, tracking, collection",CSF2.0,RS.AN-03,Analysis is performed to establish what has taken place during an incident and the root cause of the incident,2,0.0277,No Match
CAND-00117,TSA-039,T2,"Establish and document key control procedures for issuance, tracking, collection",CSF2.0,RC.RP-04,Critical mission functions and cybersecurity risk management are considered to establish post-incident operational norms,3,0.0262,No Match
CAND-00118,TSA-040,T2,Use patent keys to prevent unauthorized duplication,CSF2.0,PR.DS-10,"The confidentiality, integrity, and availability of data-in-use are protected",1,0.073,No Match
CAND-00119,TSA-040,T2,Use patent keys to prevent unauthorized duplication,CSF2.0,ID.RA-09,The authenticity and integrity of hardware and software are assessed prior to acquisition and use,2,0.0591,No Match
CAND-00120,TSA-040,T2,Use patent keys to prevent unauthorized duplication,CSF2.0,PR.PS-05,Installation and execution of unauthorized software are prevented,3,0.0562,No Match
CAND-00121,TSA-041,T2,Conduct key inventories every 24 months,CSF2.0,ID.AM-01,Inventories of hardware managed by the organization are maintained,1,0.0989,Related
CAND-00122,TSA-041,T2,Conduct key inventories every 24 months,CSF2.0,ID.AM-04,Inventories of services provided by suppliers are maintained,2,0.0948,Related
CAND-00123,TSA-041,T2,Conduct key inventories every 24 months,CSF2.0,ID.AM-02,"Inventories of software, services, and systems managed by the organization are maintained",3,0.0807,Related
CAND-00124,TSA-042,T2,Provide sufficient illumination for recognition of intrusion into perimeter,CSF2.0,RC.CO-04,Public updates on incident recovery are shared using approved methods and messaging,1,0.0,No Match
CAND-00125,TSA-042,T2,Provide sufficient illumination for recognition of intrusion into perimeter,CSF2.0,RC.CO-03,Recovery activities and progress in restoring operational capabilities are communicated to designated internal and external stakeholders,2,0.0,No Match
CAND-00126,TSA-042,T2,Provide sufficient illumination for recognition of intrusion into perimeter,CSF2.0,RC.RP-06,"The end of incident recovery is declared based on criteria, and incident-related documentation is completed",3,0.0,No Match
CAND-00127,TSA-043,T2,"Provide critical facilities with security measures to monitor, detect unauthorized access",CSF2.0,PR.IR-01,Networks and environments are protected from unauthorized logical access and usage,1,0.0815,Related
CAND-00128,TSA-043,T2,"Provide critical facilities with security measures to monitor, detect unauthorized access",CSF2.0,PR.PS-05,Installation and execution of unauthorized software are prevented,2,0.0526,No Match
CAND-00129,TSA-043,T2,"Provide critical facilities with security measures to monitor, detect unauthorized access",CSF2.0,ID.RA-10,Critical suppliers are assessed prior to acquisition,3,0.0454,No Match
CAND-00130,TSA-044,T2,Develop identification and badging policies and procedures for secure area personnel,CSF2.0,DE.CM-03,Personnel activity and technology usage are monitored to find potentially adverse events,1,0.0507,No Match
CAND-00131,TSA-044,T2,Develop identification and badging policies and procedures for secure area personnel,CSF2.0,PR.PS-06,"Secure software development practices are integrated, and their performance is monitored throughout the software development life cycle",2,0.04,No Match
CAND-00132,TSA-044,T2,Develop identification and badging policies and procedures for secure area personnel,CSF2.0,PR.AT-01,Personnel are provided with awareness and training so that they possess the knowledge and skills to perform general tasks with cybersecurity risks in mind,3,0.0381,No Match
CAND-00133,TSA-045,T2,"Ensure company or vendor identification available for examination, visibly displayed",CSF2.0,PR.PS-04,Log records are generated and made available for continuous monitoring,1,0.0564,No Match
CAND-00134,TSA-045,T2,"Ensure company or vendor identification available for examination, visibly displayed",CSF2.0,PR.IR-04,Adequate resource capacity to ensure availability is maintained,2,0.0389,No Match
CAND-00135,TSA-045,T2,"Ensure company or vendor identification available for examination, visibly displayed",CSF2.0,GV.OV-02,The cybersecurity risk management strategy is reviewed and adjusted to ensure coverage of organizational requirements and risks,3,0.0309,No Match
CAND-00136,TSA-046,T2,"Ensure identification cards are secure from tampering, contain photograph and name",CSF2.0,PR.IR-04,Adequate resource capacity to ensure availability is maintained,1,0.0414,No Match
CAND-00137,TSA-046,T2,"Ensure identification cards are secure from tampering, contain photograph and name",CSF2.0,PR.PS-06,"Secure software development practices are integrated, and their performance is monitored throughout the software development life cycle",2,0.0399,No Match
CAND-00138,TSA-046,T2,"Ensure identification cards are secure from tampering, contain photograph and name",CSF2.0,GV.OV-02,The cybersecurity risk management strategy is reviewed and adjusted to ensure coverage of organizational requirements and risks,3,0.0329,No Match
CAND-00139,TSA-047,T2,Establish policies and procedures for applicant pre-employment screening,CSF2.0,ID.IM-03,"Improvements are identified from execution of operational processes, procedures, and activities",1,0.0405,No Match
CAND-00140,TSA-047,T2,Establish policies and procedures for applicant pre-employment screening,CSF2.0,GV.RR-03,"Adequate resources are allocated commensurate with the cybersecurity risk strategy, roles, responsibilities, and policies",2,0.0329,No Match
CAND-00141,TSA-047,T2,Establish policies and procedures for applicant pre-employment screening,CSF2.0,RS.AN-03,Analysis is performed to establish what has taken place during an incident and the root cause of the incident,3,0.0309,No Match
CAND-00142,TSA-048,T2,Conduct pre-employment background investigations for positions with unescorted control access,CSF2.0,PR.IR-01,Networks and environments are protected from unauthorized logical access and usage,1,0.0329,No Match
CAND-00143,TSA-048,T2,Conduct pre-employment background investigations for positions with unescorted control access,CSF2.0,PR.AA-06,"Physical access to assets is managed, monitored, and enforced commensurate with risk",2,0.0327,No Match
CAND-00144,TSA-048,T2,Conduct pre-employment background investigations for positions with unescorted control access,CSF2.0,PR.AA-05,"Access permissions, entitlements, and authorizations are defined in a policy, managed, enforced, and reviewed, and incorporate the principles of least privilege and separation of duties",3,0.0219,No Match
CAND-00145,TSA-049,T2,"At minimum, investigations should verify identity, check criminal history, verify work authorization",CSF2.0,PR.AA-04,"Identity assertions are protected, conveyed, and verified",1,0.0614,No Match
CAND-00146,TSA-049,T2,"At minimum, investigations should verify identity, check criminal history, verify work authorization",CSF2.0,RC.CO-04,Public updates on incident recovery are shared using approved methods and messaging,2,0.0,No Match
CAND-00147,TSA-049,T2,"At minimum, investigations should verify identity, check criminal history, verify work authorization",CSF2.0,RC.RP-06,"The end of incident recovery is declared based on criteria, and incident-related documentation is completed",3,0.0,No Match
CAND-00148,TSA-050,T2,Verify contractors have background investigation policies at least as rigorous,CSF2.0,RS.AN-06,"Actions performed during an investigation are recorded, and the records' integrity and provenance are preserved",1,0.0774,No Match
CAND-00149,TSA-050,T2,Verify contractors have background investigation policies at least as rigorous,CSF2.0,GV.RR-03,"Adequate resources are allocated commensurate with the cybersecurity risk strategy, roles, responsibilities, and policies",2,0.0335,No Match
CAND-00150,TSA-050,T2,Verify contractors have background investigation policies at least as rigorous,CSF2.0,GV.SC-01,"A cybersecurity supply chain risk management program, strategy, objectives, policies, and processes are established and agreed to by organizational stakeholders",3,0.029,No Match
CAND-00151,TSA-051,T2,"Conduct recurring background investigations, not to exceed 10 years, for security positions",CSF2.0,ID.IM-02,"Improvements are identified from security tests and exercises, including those done in coordination with suppliers and relevant third parties",1,0.0164,No Match
CAND-00152,TSA-051,T2,"Conduct recurring background investigations, not to exceed 10 years, for security positions",CSF2.0,GV.SC-09,"Supply chain security practices are integrated into cybersecurity and enterprise risk management programs, and their performance is monitored throughout the technology product and service life cycle",2,0.0124,No Match
CAND-00153,TSA-051,T2,"Conduct recurring background investigations, not to exceed 10 years, for security positions",CSF2.0,RC.RP-06,"The end of incident recovery is declared based on criteria, and incident-related documentation is completed",3,0.0,No Match
CAND-00154,TSA-052,T2,Develop and implement maintenance program ensuring security systems in good working order,CSF2.0,ID.AM-02,"Inventories of software, services, and systems managed by the organization are maintained",1,0.0533,No Match
CAND-00155,TSA-052,T2,Develop and implement maintenance program ensuring security systems in good working order,CSF2.0,ID.AM-08,"Systems, hardware, software, services, and data are managed throughout their life cycles",2,0.0476,No Match
CAND-00156,TSA-052,T2,Develop and implement maintenance program ensuring security systems in good working order,CSF2.0,GV.SC-01,"A cybersecurity supply chain risk management program, strategy, objectives, policies, and processes are established and agreed to by organizational stakeholders",3,0.0403,No Match
CAND-00157,TSA-053,T2,"Through routine use or quarterly exam, verify proper operation of all security equipment",CSF2.0,PR.DS-10,"The confidentiality, integrity, and availability of data-in-use are protected",1,0.0592,No Match
CAND-00158,TSA-053,T2,"Through routine use or quarterly exam, verify proper operation of all security equipment",CSF2.0,ID.RA-09,The authenticity and integrity of hardware and software are assessed prior to acquisition and use,2,0.0479,No Match
CAND-00159,TSA-053,T2,"Through routine use or quarterly exam, verify proper operation of all security equipment",CSF2.0,ID.IM-02,"Improvements are identified from security tests and exercises, including those done in coordination with suppliers and relevant third parties",3,0.0159,No Match
CAND-00160,TSA-054,T2,Identify and respond to security equipment malfunctions or failures in timely manner,CSF2.0,ID.IM-02,"Improvements are identified from security tests and exercises, including those done in coordination with suppliers and relevant third parties",1,0.0173,No Match
CAND-00161,TSA-054,T2,Identify and respond to security equipment malfunctions or failures in timely manner,CSF2.0,GV.SC-09,"Supply chain security practices are integrated into cybersecurity and enterprise risk management programs, and their performance is monitored throughout the technology product and service life cycle",2,0.0131,No Match
CAND-00162,TSA-054,T2,Identify and respond to security equipment malfunctions or failures in timely manner,CSF2.0,RC.RP-06,"The end of incident recovery is declared based on criteria, and incident-related documentation is completed",3,0.0,No Match
CAND-00163,TSA-055,T2,Provide equivalent protective security measures during power outages or equipment failure,CSF2.0,ID.IM-02,"Improvements are identified from security tests and exercises, including those done in coordination with suppliers and relevant third parties",1,0.0164,No Match
CAND-00164,TSA-055,T2,Provide equivalent protective security measures during power outages or equipment failure,CSF2.0,GV.SC-09,"Supply chain security practices are integrated into cybersecurity and enterprise risk management programs, and their performance is monitored throughout the technology product and service life cycle",2,0.0124,No Match
CAND-00165,TSA-055,T2,Provide equivalent protective security measures during power outages or equipment failure,CSF2.0,RC.RP-06,"The end of incident recovery is declared based on criteria, and incident-related documentation is completed",3,0.0,No Match
CAND-00166,TSA-056,T2,"Integrate security risk mitigation measures during design, construction, renovation",CSF2.0,GV.SC-03,"Cybersecurity supply chain risk management is integrated into cybersecurity and enterprise risk management, risk assessment, and improvement processes",1,0.0548,No Match
CAND-00167,TSA-056,T2,"Integrate security risk mitigation measures during design, construction, renovation",CSF2.0,GV.RM-02,"Risk appetite and risk tolerance statements are established, communicated, and maintained",2,0.0488,No Match
CAND-00168,TSA-056,T2,"Integrate security risk mitigation measures during design, construction, renovation",CSF2.0,GV.RM-03,Cybersecurity risk management activities and outcomes are included in enterprise risk management processes,3,0.0448,No Match
CAND-00169,TSA-057,T2,Update facility SVA within 12 months following significant modifications,CSF2.0,RC.CO-04,Public updates on incident recovery are shared using approved methods and messaging,1,0.0,No Match
CAND-00170,TSA-057,T2,Update facility SVA within 12 months following significant modifications,CSF2.0,RC.CO-03,Recovery activities and progress in restoring operational capabilities are communicated to designated internal and external stakeholders,2,0.0,No Match
CAND-00171,TSA-057,T2,Update facility SVA within 12 months following significant modifications,CSF2.0,RC.RP-06,"The end of incident recovery is declared based on criteria, and incident-related documentation is completed",3,0.0,No Match
CAND-00172,TSA-058,T2,Develop internal and external notification requirements and procedures,CSF2.0,RS.CO-02,Internal and external stakeholders are notified of incidents,1,0.2348,Partial
CAND-00173,TSA-058,T2,Develop internal and external notification requirements and procedures,CSF2.0,ID.RA-03,Internal and external threats to the organization are identified and recorded,2,0.2117,Partial
CAND-00174,TSA-058,T2,Develop internal and external notification requirements and procedures,CSF2.0,RS.CO-03,Information is shared with designated internal and external stakeholders,3,0.2113,Partial
CAND-00175,TSA-059,T2,Document and periodically update contact and communication information,CSF2.0,DE.AE-03,Information is correlated from multiple sources,1,0.0626,No Match
CAND-00176,TSA-059,T2,Document and periodically update contact and communication information,CSF2.0,GV.RM-05,"Lines of communication across the organization are established for cybersecurity risks, including risks from suppliers and other third parties",2,0.0563,No Match
CAND-00177,TSA-059,T2,Document and periodically update contact and communication information,CSF2.0,RS.CO-03,Information is shared with designated internal and external stakeholders,3,0.0561,No Match
CAND-00178,TSA-060,T2,Ensure primary and alternate communication capabilities exist for reporting events,CSF2.0,GV.OC-05,"Outcomes, capabilities, and services that the organization depends on are understood and communicated",1,0.0628,No Match
CAND-00179,TSA-060,T2,Ensure primary and alternate communication capabilities exist for reporting events,CSF2.0,RC.CO-03,Recovery activities and progress in restoring operational capabilities are communicated to designated internal and external stakeholders,2,0.0496,No Match
CAND-00180,TSA-060,T2,Ensure primary and alternate communication capabilities exist for reporting events,CSF2.0,GV.OC-04,"Critical objectives, capabilities, and services that external stakeholders depend on or expect from the organization are understood and communicated",3,0.0496,No Match
CAND-00181,TSA-061,T2,"Establish defined process for receiving, handling, disseminating security information",CSF2.0,ID.RA-08,"Processes for receiving, analyzing, and responding to vulnerability disclosures are established",1,0.0735,No Match
CAND-00182,TSA-061,T2,"Establish defined process for receiving, handling, disseminating security information",CSF2.0,DE.AE-08,Incidents are declared when adverse events meet the defined incident criteria,2,0.0658,No Match
CAND-00183,TSA-061,T2,"Establish defined process for receiving, handling, disseminating security information",CSF2.0,DE.AE-03,Information is correlated from multiple sources,3,0.0545,No Match
CAND-00184,TSA-062,T2,"Provide security awareness briefings including incident recognition upon hiring, every 3 years",CSF2.0,ID.IM-02,"Improvements are identified from security tests and exercises, including those done in coordination with suppliers and relevant third parties",1,0.0558,No Match
CAND-00185,TSA-062,T2,"Provide security awareness briefings including incident recognition upon hiring, every 3 years",CSF2.0,RS.MA-01,The incident response plan is executed in coordination with relevant third parties once an incident is declared,2,0.0512,No Match
CAND-00186,TSA-062,T2,"Provide security awareness briefings including incident recognition upon hiring, every 3 years",CSF2.0,RS.AN-03,Analysis is performed to establish what has taken place during an incident and the root cause of the incident,3,0.0476,No Match
CAND-00187,TSA-063,T2,Provide security training including incident response to assigned security personnel,CSF2.0,RC.RP-01,The recovery portion of the incident response plan is executed once initiated from the incident response process,1,0.1847,Partial
CAND-00188,TSA-063,T2,Provide security training including incident response to assigned security personnel,CSF2.0,RS.MA-01,The incident response plan is executed in coordination with relevant third parties once an incident is declared,2,0.1311,Related
CAND-00189,TSA-063,T2,Provide security training including incident response to assigned security personnel,CSF2.0,ID.IM-04,"Incident response plans and other cybersecurity plans that affect operations are established, communicated, maintained, and improved",3,0.0916,Related
CAND-00190,TSA-064,T2,Document security training and maintain records per company retention policy,CSF2.0,PR.PS-04,Log records are generated and made available for continuous monitoring,1,0.0612,No Match
CAND-00191,TSA-064,T2,Document security training and maintain records per company retention policy,CSF2.0,RS.AN-06,"Actions performed during an investigation are recorded, and the records' integrity and provenance are preserved",2,0.0544,No Match
CAND-00192,TSA-064,T2,Document security training and maintain records per company retention policy,CSF2.0,GV.PO-01,"Policy for managing cybersecurity risks is established based on organizational context, cybersecurity strategy, and priorities and is communicated and enforced",3,0.039,No Match
CAND-00193,TSA-065,T2,"Conduct periodic security drills or exercises, including announced/unannounced tests",CSF2.0,ID.IM-02,"Improvements are identified from security tests and exercises, including those done in coordination with suppliers and relevant third parties",1,0.2247,Partial
CAND-00194,TSA-065,T2,"Conduct periodic security drills or exercises, including announced/unannounced tests",CSF2.0,GV.RM-05,"Lines of communication across the organization are established for cybersecurity risks, including risks from suppliers and other third parties",2,0.0375,No Match
CAND-00195,TSA-065,T2,"Conduct periodic security drills or exercises, including announced/unannounced tests",CSF2.0,GV.OC-03,"Legal, regulatory, and contractual requirements regarding cybersecurity, including privacy and civil liberties obligations, are understood and managed",3,0.0307,No Match
CAND-00196,TSA-066,T2,Conduct or participate in annual security drill or exercise,CSF2.0,ID.IM-02,"Improvements are identified from security tests and exercises, including those done in coordination with suppliers and relevant third parties",1,0.0205,No Match
CAND-00197,TSA-066,T2,Conduct or participate in annual security drill or exercise,CSF2.0,GV.SC-09,"Supply chain security practices are integrated into cybersecurity and enterprise risk management programs, and their performance is monitored throughout the technology product and service life cycle",2,0.0155,No Match
CAND-00198,TSA-066,T2,Conduct or participate in annual security drill or exercise,CSF2.0,RC.RP-06,"The end of incident recovery is declared based on criteria, and incident-related documentation is completed",3,0.0,No Match
CAND-00199,TSA-067,T2,Develop and implement written post-event report assessing drills and documenting corrections,CSF2.0,GV.RM-06,"A standardized method for calculating, documenting, categorizing, and prioritizing cybersecurity risks is established and communicated",1,0.0538,No Match
CAND-00200,TSA-067,T2,Develop and implement written post-event report assessing drills and documenting corrections,CSF2.0,RC.RP-04,Critical mission functions and cybersecurity risk management are considered to establish post-incident operational norms,2,0.0421,No Match
CAND-00201,TSA-067,T2,Develop and implement written post-event report assessing drills and documenting corrections,CSF2.0,RC.CO-03,Recovery activities and progress in restoring operational capabilities are communicated to designated internal and external stakeholders,3,0.0,No Match
CAND-00202,TSA-068,T2,Implement procedures for responding to security incidents or emergencies,CSF2.0,RS.MI-01,Incidents are contained,1,0.1066,Related
CAND-00203,TSA-068,T2,Implement procedures for responding to security incidents or emergencies,CSF2.0,RS.MI-02,Incidents are eradicated,2,0.1066,Related
CAND-00204,TSA-068,T2,Implement procedures for responding to security incidents or emergencies,CSF2.0,ID.RA-08,"Processes for receiving, analyzing, and responding to vulnerability disclosures are established",3,0.0899,Related
CAND-00205,TSA-069,T2,Post bomb threat checklists by telephones at staffed facilities,CSF2.0,DE.AE-07,Cyber threat intelligence and other contextual information are integrated into the analysis,1,0.0524,No Match
CAND-00206,TSA-069,T2,Post bomb threat checklists by telephones at staffed facilities,CSF2.0,RC.RP-04,Critical mission functions and cybersecurity risk management are considered to establish post-incident operational norms,2,0.0501,No Match
CAND-00207,TSA-069,T2,Post bomb threat checklists by telephones at staffed facilities,CSF2.0,ID.RA-02,Cyber threat intelligence is received from information sharing forums and sources,3,0.0482,No Match
CAND-00208,TSA-070,T2,Develop and document recordkeeping policies and procedures for security information,CSF2.0,DE.AE-03,Information is correlated from multiple sources,1,0.0644,No Match
CAND-00209,TSA-070,T2,Develop and document recordkeeping policies and procedures for security information,CSF2.0,RS.CO-03,Information is shared with designated internal and external stakeholders,2,0.0577,No Match
CAND-00210,TSA-070,T2,Develop and document recordkeeping policies and procedures for security information,CSF2.0,DE.AE-06,Information on adverse events is provided to authorized staff and tools,3,0.051,No Match
CAND-00211,TSA-071,T2,Retain corporate security plan until superseded or replaced,CSF2.0,PR.PS-03,"Hardware is maintained, replaced, and removed commensurate with risk",1,0.0724,No Match
CAND-00212,TSA-071,T2,Retain corporate security plan until superseded or replaced,CSF2.0,PR.PS-02,"Software is maintained, replaced, and removed commensurate with risk",2,0.0724,No Match
CAND-00213,TSA-071,T2,Retain corporate security plan until superseded or replaced,CSF2.0,RS.MA-01,The incident response plan is executed in coordination with relevant third parties once an incident is declared,3,0.0534,No Match
CAND-00214,TSA-072,T2,Retain criticality assessment documents until superseded or replaced,CSF2.0,GV.SC-04,Suppliers are known and prioritized by criticality,1,0.0948,Related
CAND-00215,TSA-072,T2,Retain criticality assessment documents until superseded or replaced,CSF2.0,PR.PS-03,"Hardware is maintained, replaced, and removed commensurate with risk",2,0.0679,No Match
CAND-00216,TSA-072,T2,Retain criticality assessment documents until superseded or replaced,CSF2.0,PR.PS-02,"Software is maintained, replaced, and removed commensurate with risk",3,0.0679,No Match
CAND-00217,TSA-073,T2,Retain training records until superseded or replaced,CSF2.0,PR.PS-04,Log records are generated and made available for continuous monitoring,1,0.0808,Related
CAND-00218,TSA-073,T2,Retain training records until superseded or replaced,CSF2.0,PR.PS-03,"Hardware is maintained, replaced, and removed commensurate with risk",2,0.0763,No Match
CAND-00219,TSA-073,T2,Retain training records until superseded or replaced,CSF2.0,PR.PS-02,"Software is maintained, replaced, and removed commensurate with risk",3,0.0763,No Match
CAND-00220,TSA-074,T2,Retain security drill reports until superseded or replaced,CSF2.0,RS.MA-02,Incident reports are triaged and validated,1,0.1238,Related
CAND-00221,TSA-074,T2,Retain security drill reports until superseded or replaced,CSF2.0,PR.PS-03,"Hardware is maintained, replaced, and removed commensurate with risk",2,0.0684,No Match
CAND-00222,TSA-074,T2,Retain security drill reports until superseded or replaced,CSF2.0,PR.PS-02,"Software is maintained, replaced, and removed commensurate with risk",3,0.0684,No Match
CAND-00223,TSA-075,T2,Retain SVAs until superseded or replaced for critical facilities,CSF2.0,PR.PS-03,"Hardware is maintained, replaced, and removed commensurate with risk",1,0.0709,No Match
CAND-00224,TSA-075,T2,Retain SVAs until superseded or replaced for critical facilities,CSF2.0,PR.PS-02,"Software is maintained, replaced, and removed commensurate with risk",2,0.0709,No Match
CAND-00225,TSA-075,T2,Retain SVAs until superseded or replaced for critical facilities,CSF2.0,ID.RA-10,Critical suppliers are assessed prior to acquisition,3,0.0557,No Match
CAND-00226,TSA-076,T2,Retain site-specific measures until superseded or replaced for critical facilities,CSF2.0,PR.PS-03,"Hardware is maintained, replaced, and removed commensurate with risk",1,0.0609,No Match
CAND-00227,TSA-076,T2,Retain site-specific measures until superseded or replaced for critical facilities,CSF2.0,PR.PS-02,"Software is maintained, replaced, and removed commensurate with risk",2,0.0609,No Match
CAND-00228,TSA-076,T2,Retain site-specific measures until superseded or replaced for critical facilities,CSF2.0,ID.RA-10,Critical suppliers are assessed prior to acquisition,3,0.0479,No Match
CAND-00229,TSA-077,T2,Make security information records available to TSA upon request,CSF2.0,PR.PS-04,Log records are generated and made available for continuous monitoring,1,0.1308,Related
CAND-00230,TSA-077,T2,Make security information records available to TSA upon request,CSF2.0,DE.AE-03,Information is correlated from multiple sources,2,0.0597,No Match
CAND-00231,TSA-077,T2,Make security information records available to TSA upon request,CSF2.0,RS.AN-06,"Actions performed during an investigation are recorded, and the records' integrity and provenance are preserved",3,0.0581,No Match
CAND-00232,TSA-078,T2,Conduct outreach to nearby law enforcement agencies,CSF2.0,RC.CO-04,Public updates on incident recovery are shared using approved methods and messaging,1,0.0,No Match
CAND-00233,TSA-078,T2,Conduct outreach to nearby law enforcement agencies,CSF2.0,RC.CO-03,Recovery activities and progress in restoring operational capabilities are communicated to designated internal and external stakeholders,2,0.0,No Match
CAND-00234,TSA-078,T2,Conduct outreach to nearby law enforcement agencies,CSF2.0,RC.RP-06,"The end of incident recovery is declared based on criteria, and incident-related documentation is completed",3,0.0,No Match
CAND-00235,TSA-079,T2,Conduct outreach to neighboring businesses to coordinate security efforts,CSF2.0,ID.IM-02,"Improvements are identified from security tests and exercises, including those done in coordination with suppliers and relevant third parties",1,0.0188,No Match
CAND-00236,TSA-079,T2,Conduct outreach to neighboring businesses to coordinate security efforts,CSF2.0,GV.SC-09,"Supply chain security practices are integrated into cybersecurity and enterprise risk management programs, and their performance is monitored throughout the technology product and service life cycle",2,0.0142,No Match
CAND-00237,TSA-079,T2,Conduct outreach to neighboring businesses to coordinate security efforts,CSF2.0,RC.RP-06,"The end of incident recovery is declared based on criteria, and incident-related documentation is completed",3,0.0,No Match
CAND-00238,TSA-080,T2,Conduct outreach to neighboring residences for facility security awareness,CSF2.0,PR.AT-01,Personnel are provided with awareness and training so that they possess the knowledge and skills to perform general tasks with cybersecurity risks in mind,1,0.0437,No Match
CAND-00239,TSA-080,T2,Conduct outreach to neighboring residences for facility security awareness,CSF2.0,PR.AT-02,Individuals in specialized roles are provided with awareness and training so that they possess the knowledge and skills to perform relevant tasks with cybersecurity risks in mind,2,0.0402,No Match
CAND-00240,TSA-080,T2,Conduct outreach to neighboring residences for facility security awareness,CSF2.0,ID.IM-02,"Improvements are identified from security tests and exercises, including those done in coordination with suppliers and relevant third parties",3,0.0196,No Match
CAND-00241,TSA-081,7.2,Evaluate pipeline cyber assets and classify as critical or non-critical,CSF2.0,ID.RA-10,Critical suppliers are assessed prior to acquisition,1,0.089,Related
CAND-00242,TSA-081,7.2,Evaluate pipeline cyber assets and classify as critical or non-critical,CSF2.0,GV.OC-04,"Critical objectives, capabilities, and services that external stakeholders depend on or expect from the organization are understood and communicated",2,0.0587,No Match
CAND-00243,TSA-081,7.2,Evaluate pipeline cyber assets and classify as critical or non-critical,CSF2.0,RC.RP-04,Critical mission functions and cybersecurity risk management are considered to establish post-incident operational norms,3,0.0576,No Match
CAND-00244,TSA-082,T3,Establish and document policies and procedures for configuration information assessment,CSF2.0,PR.PS-01,Configuration management practices are established and applied,1,0.1083,Related
CAND-00245,TSA-082,T3,Establish and document policies and procedures for configuration information assessment,CSF2.0,DE.AE-03,Information is correlated from multiple sources,2,0.0629,No Match
CAND-00246,TSA-082,T3,Establish and document policies and procedures for configuration information assessment,CSF2.0,RS.CO-03,Information is shared with designated internal and external stakeholders,3,0.0564,No Match
CAND-00247,TSA-083,T3,Track changes made to pipeline cyber assets and assess patch/upgrade impacts,CSF2.0,ID.RA-07,"Changes and exceptions are managed, assessed for risk impact, recorded, and tracked",1,0.0539,No Match
CAND-00248,TSA-083,T3,Track changes made to pipeline cyber assets and assess patch/upgrade impacts,CSF2.0,ID.RA-04,Potential impacts and likelihoods of threats exploiting vulnerabilities are identified and recorded,2,0.053,No Match
CAND-00249,TSA-083,T3,Track changes made to pipeline cyber assets and assess patch/upgrade impacts,CSF2.0,ID.RA-01,"Vulnerabilities in assets are identified, validated, and recorded",3,0.0462,No Match
CAND-00250,TSA-084,T3,Employ mechanisms to maintain accurate inventory and detect unauthorized components,CSF2.0,PR.IR-03,Mechanisms are implemented to achieve resilience requirements in normal and adverse situations,1,0.0582,No Match
CAND-00251,TSA-084,T3,Employ mechanisms to maintain accurate inventory and detect unauthorized components,CSF2.0,PR.PS-05,Installation and execution of unauthorized software are prevented,2,0.0495,No Match
CAND-00252,TSA-084,T3,Employ mechanisms to maintain accurate inventory and detect unauthorized components,CSF2.0,PR.IR-01,Networks and environments are protected from unauthorized logical access and usage,3,0.0421,No Match
CAND-00253,TSA-085,T3,Develop and maintain comprehensive network/system architecture diagrams,CSF2.0,ID.AM-03,Representations of the organization's authorized network communication and internal and external network data flows are maintained,1,0.1079,Related
CAND-00254,TSA-085,T3,Develop and maintain comprehensive network/system architecture diagrams,CSF2.0,DE.CM-01,Networks and network services are monitored to find potentially adverse events,2,0.0782,No Match
CAND-00255,TSA-085,T3,Develop and maintain comprehensive network/system architecture diagrams,CSF2.0,RC.RP-06,"The end of incident recovery is declared based on criteria, and incident-related documentation is completed",3,0.0,No Match
CAND-00256,TSA-086,T3,"Review network connections periodically, including remote and third-party connections",CSF2.0,ID.AM-03,Representations of the organization's authorized network communication and internal and external network data flows are maintained,1,0.0879,Related
CAND-00257,TSA-086,T3,"Review network connections periodically, including remote and third-party connections",CSF2.0,DE.CM-01,Networks and network services are monitored to find potentially adverse events,2,0.0637,No Match
CAND-00258,TSA-086,T3,"Review network connections periodically, including remote and third-party connections",CSF2.0,GV.SC-06,Planning and due diligence are performed to reduce risks before entering into formal supplier or other third-party relationships,3,0.0489,No Match
CAND-00259,TSA-087,T3,Develop detailed inventory for every endpoint,CSF2.0,RC.CO-04,Public updates on incident recovery are shared using approved methods and messaging,1,0.0,No Match
CAND-00260,TSA-087,T3,Develop detailed inventory for every endpoint,CSF2.0,RC.CO-03,Recovery activities and progress in restoring operational capabilities are communicated to designated internal and external stakeholders,2,0.0,No Match
CAND-00261,TSA-087,T3,Develop detailed inventory for every endpoint,CSF2.0,RC.RP-06,"The end of incident recovery is declared based on criteria, and incident-related documentation is completed",3,0.0,No Match
CAND-00262,TSA-088,T3,Review and assess pipeline cyber asset classification every 12 months,CSF2.0,ID.AM-05,"Assets are prioritized based on classification, criticality, resources, and impact on the mission",1,0.0741,No Match
CAND-00263,TSA-088,T3,Review and assess pipeline cyber asset classification every 12 months,CSF2.0,DE.AE-07,Cyber threat intelligence and other contextual information are integrated into the analysis,2,0.0337,No Match
CAND-00264,TSA-088,T3,Review and assess pipeline cyber asset classification every 12 months,CSF2.0,ID.RA-02,Cyber threat intelligence is received from information sharing forums and sources,3,0.031,No Match
CAND-00265,TSA-089,T3,Ensure non-critical asset changes to control operations trigger critical asset designation,CSF2.0,ID.RA-10,Critical suppliers are assessed prior to acquisition,1,0.0647,No Match
CAND-00266,TSA-089,T3,Ensure non-critical asset changes to control operations trigger critical asset designation,CSF2.0,ID.IM-04,"Incident response plans and other cybersecurity plans that affect operations are established, communicated, maintained, and improved",2,0.0445,No Match
CAND-00267,TSA-089,T3,Ensure non-critical asset changes to control operations trigger critical asset designation,CSF2.0,GV.OC-04,"Critical objectives, capabilities, and services that external stakeholders depend on or expect from the organization are understood and communicated",3,0.0427,No Match
CAND-00268,TSA-090,T3,"Establish and distribute cybersecurity policies, plans, processes, supporting procedures",CSF2.0,ID.IM-04,"Incident response plans and other cybersecurity plans that affect operations are established, communicated, maintained, and improved",1,0.1142,Related
CAND-00269,TSA-090,T3,"Establish and distribute cybersecurity policies, plans, processes, supporting procedures",CSF2.0,ID.IM-03,"Improvements are identified from execution of operational processes, procedures, and activities",2,0.0901,Related
CAND-00270,TSA-090,T3,"Establish and distribute cybersecurity policies, plans, processes, supporting procedures",CSF2.0,GV.SC-01,"A cybersecurity supply chain risk management program, strategy, objectives, policies, and processes are established and agreed to by organizational stakeholders",3,0.0819,Related
CAND-00271,TSA-091,T3,"Review and assess cybersecurity policies regularly, not to exceed 36 months",CSF2.0,GV.RR-03,"Adequate resources are allocated commensurate with the cybersecurity risk strategy, roles, responsibilities, and policies",1,0.0534,No Match
CAND-00272,TSA-091,T3,"Review and assess cybersecurity policies regularly, not to exceed 36 months",CSF2.0,GV.SC-01,"A cybersecurity supply chain risk management program, strategy, objectives, policies, and processes are established and agreed to by organizational stakeholders",2,0.0462,No Match
CAND-00273,TSA-091,T3,"Review and assess cybersecurity policies regularly, not to exceed 36 months",CSF2.0,GV.PO-01,"Policy for managing cybersecurity risks is established based on organizational context, cybersecurity strategy, and priorities and is communicated and enforced",3,0.036,No Match
CAND-00274,TSA-092,T3,"Review and assess cybersecurity policies regularly, not to exceed 12 months for enhanced",CSF2.0,GV.RR-03,"Adequate resources are allocated commensurate with the cybersecurity risk strategy, roles, responsibilities, and policies",1,0.0498,No Match
CAND-00275,TSA-092,T3,"Review and assess cybersecurity policies regularly, not to exceed 12 months for enhanced",CSF2.0,GV.SC-01,"A cybersecurity supply chain risk management program, strategy, objectives, policies, and processes are established and agreed to by organizational stakeholders",2,0.043,No Match
CAND-00276,TSA-092,T3,"Review and assess cybersecurity policies regularly, not to exceed 12 months for enhanced",CSF2.0,GV.PO-01,"Policy for managing cybersecurity risks is established based on organizational context, cybersecurity strategy, and priorities and is communicated and enforced",3,0.0336,No Match
CAND-00277,TSA-093,T3,"Develop operational framework for coordination, communication, accountability",CSF2.0,ID.IM-03,"Improvements are identified from execution of operational processes, procedures, and activities",1,0.0723,No Match
CAND-00278,TSA-093,T3,"Develop operational framework for coordination, communication, accountability",CSF2.0,RS.MA-01,The incident response plan is executed in coordination with relevant third parties once an incident is declared,2,0.0694,No Match
CAND-00279,TSA-093,T3,"Develop operational framework for coordination, communication, accountability",CSF2.0,ID.IM-02,"Improvements are identified from security tests and exercises, including those done in coordination with suppliers and relevant third parties",3,0.066,No Match
CAND-00280,TSA-094,T3,Establish process to identify and evaluate vulnerabilities and compensating controls,CSF2.0,ID.RA-01,"Vulnerabilities in assets are identified, validated, and recorded",1,0.0823,Related
CAND-00281,TSA-094,T3,Establish process to identify and evaluate vulnerabilities and compensating controls,CSF2.0,ID.RA-04,Potential impacts and likelihoods of threats exploiting vulnerabilities are identified and recorded,2,0.0609,No Match
CAND-00282,TSA-094,T3,Establish process to identify and evaluate vulnerabilities and compensating controls,CSF2.0,RC.RP-01,The recovery portion of the incident response plan is executed once initiated from the incident response process,3,0.0501,No Match
CAND-00283,TSA-095,T3,Ensure threat and vulnerability information from sharing forums available to responsible personnel,CSF2.0,ID.RA-02,Cyber threat intelligence is received from information sharing forums and sources,1,0.3479,Direct
CAND-00284,TSA-095,T3,Ensure threat and vulnerability information from sharing forums available to responsible personnel,CSF2.0,DE.AE-07,Cyber threat intelligence and other contextual information are integrated into the analysis,2,0.0884,Related
CAND-00285,TSA-095,T3,Ensure threat and vulnerability information from sharing forums available to responsible personnel,CSF2.0,ID.RA-08,"Processes for receiving, analyzing, and responding to vulnerability disclosures are established",3,0.0616,No Match
CAND-00286,TSA-096,T3,Establish and enforce unique accounts for each individual user and administrator,CSF2.0,RS.AN-03,Analysis is performed to establish what has taken place during an incident and the root cause of the incident,1,0.029,No Match
CAND-00287,TSA-096,T3,Establish and enforce unique accounts for each individual user and administrator,CSF2.0,RC.RP-04,Critical mission functions and cybersecurity risk management are considered to establish post-incident operational norms,2,0.0274,No Match
CAND-00288,TSA-096,T3,Establish and enforce unique accounts for each individual user and administrator,CSF2.0,RC.CO-03,Recovery activities and progress in restoring operational capabilities are communicated to designated internal and external stakeholders,3,0.0,No Match
CAND-00289,TSA-097,T3,Restrict user physical access to control systems using appropriate controls,CSF2.0,PR.AA-06,"Physical access to assets is managed, monitored, and enforced commensurate with risk",1,0.1628,Related
CAND-00290,TSA-097,T3,Restrict user physical access to control systems using appropriate controls,CSF2.0,DE.CM-02,The physical environment is monitored to find potentially adverse events,2,0.0697,No Match
CAND-00291,TSA-097,T3,Restrict user physical access to control systems using appropriate controls,CSF2.0,ID.AM-02,"Inventories of software, services, and systems managed by the organization are maintained",3,0.0581,No Match
CAND-00292,TSA-098,T3,"Employ stringent identity and access management practices (authenticators, passwords)",CSF2.0,PR.PS-01,Configuration management practices are established and applied,1,0.2016,Partial
CAND-00293,TSA-098,T3,"Employ stringent identity and access management practices (authenticators, passwords)",CSF2.0,PR.AA-04,"Identity assertions are protected, conveyed, and verified",2,0.0766,No Match
CAND-00294,TSA-098,T3,"Employ stringent identity and access management practices (authenticators, passwords)",CSF2.0,GV.RR-04,Cybersecurity is included in human resources practices,3,0.0685,No Match
CAND-00295,TSA-099,T3,"Expeditiously modify, delete, or deactivate user accounts for terminated personnel",CSF2.0,DE.CM-03,Personnel activity and technology usage are monitored to find potentially adverse events,1,0.0463,No Match
CAND-00296,TSA-099,T3,"Expeditiously modify, delete, or deactivate user accounts for terminated personnel",CSF2.0,PR.AT-01,Personnel are provided with awareness and training so that they possess the knowledge and skills to perform general tasks with cybersecurity risks in mind,2,0.0348,No Match
CAND-00297,TSA-099,T3,"Expeditiously modify, delete, or deactivate user accounts for terminated personnel",CSF2.0,RC.RP-06,"The end of incident recovery is declared based on criteria, and incident-related documentation is completed",3,0.0,No Match
CAND-00298,TSA-100,T3,Establish and enforce access control policies for local and remote users,CSF2.0,PR.AA-03,"Users, services, and hardware are authenticated",1,0.0951,Related
CAND-00299,TSA-100,T3,Establish and enforce access control policies for local and remote users,CSF2.0,PR.AA-01,"Identities and credentials for authorized users, services, and hardware are managed by the organization",2,0.0656,No Match
CAND-00300,TSA-100,T3,Establish and enforce access control policies for local and remote users,CSF2.0,PR.IR-01,Networks and environments are protected from unauthorized logical access and usage,3,0.0361,No Match
CAND-00301,TSA-101,T3,Implement controls for approving and enforcing policy for remote/third-party connections,CSF2.0,GV.SC-06,Planning and due diligence are performed to reduce risks before entering into formal supplier or other third-party relationships,1,0.0518,No Match
CAND-00302,TSA-101,T3,Implement controls for approving and enforcing policy for remote/third-party connections,CSF2.0,GV.PO-01,"Policy for managing cybersecurity risks is established based on organizational context, cybersecurity strategy, and priorities and is communicated and enforced",2,0.0372,No Match
CAND-00303,TSA-101,T3,Implement controls for approving and enforcing policy for remote/third-party connections,CSF2.0,GV.PO-02,"Policy for managing cybersecurity risks is reviewed, updated, communicated, and enforced to reflect changes in requirements, threats, technology, and organizational mission",3,0.0341,No Match
CAND-00304,TSA-102,T3,Monitor physical and remote user access to critical pipeline cyber assets,CSF2.0,PR.AA-06,"Physical access to assets is managed, monitored, and enforced commensurate with risk",1,0.1353,Related
CAND-00305,TSA-102,T3,Monitor physical and remote user access to critical pipeline cyber assets,CSF2.0,DE.CM-02,The physical environment is monitored to find potentially adverse events,2,0.073,No Match
CAND-00306,TSA-102,T3,Monitor physical and remote user access to critical pipeline cyber assets,CSF2.0,ID.RA-01,"Vulnerabilities in assets are identified, validated, and recorded",3,0.0487,No Match
CAND-00307,TSA-103,T3,Ensure appropriate segregation of duties in place or apply compensating controls,CSF2.0,RS.AN-03,Analysis is performed to establish what has taken place during an incident and the root cause of the incident,1,0.062,No Match
CAND-00308,TSA-103,T3,Ensure appropriate segregation of duties in place or apply compensating controls,CSF2.0,PR.AA-05,"Access permissions, entitlements, and authorizations are defined in a policy, managed, enforced, and reviewed, and incorporate the principles of least privilege and separation of duties",2,0.0489,No Match
CAND-00309,TSA-103,T3,Ensure appropriate segregation of duties in place or apply compensating controls,CSF2.0,GV.RM-04,Strategic direction that describes appropriate risk response options is established and communicated,3,0.0466,No Match
CAND-00310,TSA-104,T3,Change all default passwords upon installation or implement compensating controls,CSF2.0,PR.PS-05,Installation and execution of unauthorized software are prevented,1,0.0923,Related
CAND-00311,TSA-104,T3,Change all default passwords upon installation or implement compensating controls,CSF2.0,RC.CO-04,Public updates on incident recovery are shared using approved methods and messaging,2,0.0,No Match
CAND-00312,TSA-104,T3,Change all default passwords upon installation or implement compensating controls,CSF2.0,RC.RP-06,"The end of incident recovery is declared based on criteria, and incident-related documentation is completed",3,0.0,No Match
CAND-00313,TSA-105,T3,Employ mechanisms to support management of accounts,CSF2.0,PR.IR-03,Mechanisms are implemented to achieve resilience requirements in normal and adverse situations,1,0.0765,No Match
CAND-00314,TSA-105,T3,Employ mechanisms to support management of accounts,CSF2.0,GV.RM-03,Cybersecurity risk management activities and outcomes are included in enterprise risk management processes,2,0.0744,No Match
CAND-00315,TSA-105,T3,Employ mechanisms to support management of accounts,CSF2.0,GV.SC-03,"Cybersecurity supply chain risk management is integrated into cybersecurity and enterprise risk management, risk assessment, and improvement processes",3,0.0606,No Match
CAND-00316,TSA-106,T3,Ensure all persons requiring access receive cybersecurity awareness training,CSF2.0,PR.AT-01,Personnel are provided with awareness and training so that they possess the knowledge and skills to perform general tasks with cybersecurity risks in mind,1,0.1453,Related
CAND-00317,TSA-106,T3,Ensure all persons requiring access receive cybersecurity awareness training,CSF2.0,PR.AT-02,Individuals in specialized roles are provided with awareness and training so that they possess the knowledge and skills to perform relevant tasks with cybersecurity risks in mind,2,0.1335,Related
CAND-00318,TSA-106,T3,Ensure all persons requiring access receive cybersecurity awareness training,CSF2.0,GV.OV-02,The cybersecurity risk management strategy is reviewed and adjusted to ensure coverage of organizational requirements and risks,3,0.0518,No Match
CAND-00319,TSA-107,T3,Provide role-based security training on recognizing indicators of system compromise,CSF2.0,PR.AA-02,Identities are proofed and bound to credentials based on the context of interactions,1,0.0463,No Match
CAND-00320,TSA-107,T3,Provide role-based security training on recognizing indicators of system compromise,CSF2.0,ID.AM-05,"Assets are prioritized based on classification, criticality, resources, and impact on the mission",2,0.0461,No Match
CAND-00321,TSA-107,T3,Provide role-based security training on recognizing indicators of system compromise,CSF2.0,RC.RP-06,"The end of incident recovery is declared based on criteria, and incident-related documentation is completed",3,0.0399,No Match
CAND-00322,TSA-108,T3,Establish and execute cyber-threat awareness program including practical exercises,CSF2.0,DE.AE-07,Cyber threat intelligence and other contextual information are integrated into the analysis,1,0.144,Related
CAND-00323,TSA-108,T3,Establish and execute cyber-threat awareness program including practical exercises,CSF2.0,ID.RA-02,Cyber threat intelligence is received from information sharing forums and sources,2,0.1324,Related
CAND-00324,TSA-108,T3,Establish and execute cyber-threat awareness program including practical exercises,CSF2.0,ID.IM-02,"Improvements are identified from security tests and exercises, including those done in coordination with suppliers and relevant third parties",3,0.0894,Related
CAND-00325,TSA-109,T3,Establish and implement policies and procedures for data protection measures,CSF2.0,ID.AM-07,Inventories of data and corresponding metadata for designated data types are maintained,1,0.0893,Related
CAND-00326,TSA-109,T3,Establish and implement policies and procedures for data protection measures,CSF2.0,PR.DS-10,"The confidentiality, integrity, and availability of data-in-use are protected",2,0.0581,No Match
CAND-00327,TSA-109,T3,Establish and implement policies and procedures for data protection measures,CSF2.0,PR.DS-02,"The confidentiality, integrity, and availability of data-in-transit are protected",3,0.0569,No Match
CAND-00328,TSA-110,T3,Segregate and protect pipeline cyber assets from enterprise networks using firewalls,CSF2.0,RC.RP-03,The integrity of backups and other restoration assets is verified before using them for restoration,1,0.0826,Related
CAND-00329,TSA-110,T3,Segregate and protect pipeline cyber assets from enterprise networks using firewalls,CSF2.0,DE.CM-01,Networks and network services are monitored to find potentially adverse events,2,0.0706,No Match
CAND-00330,TSA-110,T3,Segregate and protect pipeline cyber assets from enterprise networks using firewalls,CSF2.0,PR.IR-01,Networks and environments are protected from unauthorized logical access and usage,3,0.0634,No Match
CAND-00331,TSA-111,T3,Regularly validate technical controls comply with cybersecurity policies and report,CSF2.0,GV.RR-03,"Adequate resources are allocated commensurate with the cybersecurity risk strategy, roles, responsibilities, and policies",1,0.0493,No Match
CAND-00332,TSA-111,T3,Regularly validate technical controls comply with cybersecurity policies and report,CSF2.0,GV.SC-01,"A cybersecurity supply chain risk management program, strategy, objectives, policies, and processes are established and agreed to by organizational stakeholders",2,0.0426,No Match
CAND-00333,TSA-111,T3,Regularly validate technical controls comply with cybersecurity policies and report,CSF2.0,GV.PO-01,"Policy for managing cybersecurity risks is established based on organizational context, cybersecurity strategy, and priorities and is communicated and enforced",3,0.0333,No Match
CAND-00334,TSA-112,T3,Implement technical or procedural controls to restrict cyber assets for approved activities,CSF2.0,RC.CO-04,Public updates on incident recovery are shared using approved methods and messaging,1,0.0618,No Match
CAND-00335,TSA-112,T3,Implement technical or procedural controls to restrict cyber assets for approved activities,CSF2.0,ID.IM-03,"Improvements are identified from execution of operational processes, procedures, and activities",2,0.0478,No Match
CAND-00336,TSA-112,T3,Implement technical or procedural controls to restrict cyber assets for approved activities,CSF2.0,ID.RA-01,"Vulnerabilities in assets are identified, validated, and recorded",3,0.0475,No Match
CAND-00337,TSA-113,T3,Implement processes to generate alerts and log cybersecurity events for anomalies,CSF2.0,PR.PS-04,Log records are generated and made available for continuous monitoring,1,0.0774,No Match
CAND-00338,TSA-113,T3,Implement processes to generate alerts and log cybersecurity events for anomalies,CSF2.0,GV.SC-03,"Cybersecurity supply chain risk management is integrated into cybersecurity and enterprise risk management, risk assessment, and improvement processes",2,0.0646,No Match
CAND-00339,TSA-113,T3,Implement processes to generate alerts and log cybersecurity events for anomalies,CSF2.0,GV.RM-03,Cybersecurity risk management activities and outcomes are included in enterprise risk management processes,3,0.0601,No Match
CAND-00340,TSA-114,T3,Review logs and respond to alerts in timely manner,CSF2.0,RC.CO-04,Public updates on incident recovery are shared using approved methods and messaging,1,0.0,No Match
CAND-00341,TSA-114,T3,Review logs and respond to alerts in timely manner,CSF2.0,RC.CO-03,Recovery activities and progress in restoring operational capabilities are communicated to designated internal and external stakeholders,2,0.0,No Match
CAND-00342,TSA-114,T3,Review logs and respond to alerts in timely manner,CSF2.0,RC.RP-06,"The end of incident recovery is declared based on criteria, and incident-related documentation is completed",3,0.0,No Match
CAND-00343,TSA-115,T3,Monitor for unauthorized access or introduction of malicious code,CSF2.0,PR.IR-01,Networks and environments are protected from unauthorized logical access and usage,1,0.0899,Related
CAND-00344,TSA-115,T3,Monitor for unauthorized access or introduction of malicious code,CSF2.0,PR.PS-05,Installation and execution of unauthorized software are prevented,2,0.058,No Match
CAND-00345,TSA-115,T3,Monitor for unauthorized access or introduction of malicious code,CSF2.0,PR.AA-06,"Physical access to assets is managed, monitored, and enforced commensurate with risk",3,0.0404,No Match
CAND-00346,TSA-116,T3,Conduct cyber vulnerability assessments per risk assessment process,CSF2.0,GV.SC-03,"Cybersecurity supply chain risk management is integrated into cybersecurity and enterprise risk management, risk assessment, and improvement processes",1,0.1625,Related
CAND-00347,TSA-116,T3,Conduct cyber vulnerability assessments per risk assessment process,CSF2.0,ID.RA-08,"Processes for receiving, analyzing, and responding to vulnerability disclosures are established",2,0.0733,No Match
CAND-00348,TSA-116,T3,Conduct cyber vulnerability assessments per risk assessment process,CSF2.0,GV.RM-02,"Risk appetite and risk tolerance statements are established, communicated, and maintained",3,0.0558,No Match
CAND-00349,TSA-117,T3,Utilize independent assessors to conduct pipeline cyber security assessments,CSF2.0,DE.AE-07,Cyber threat intelligence and other contextual information are integrated into the analysis,1,0.0325,No Match
CAND-00350,TSA-117,T3,Utilize independent assessors to conduct pipeline cyber security assessments,CSF2.0,ID.RA-02,Cyber threat intelligence is received from information sharing forums and sources,2,0.0298,No Match
CAND-00351,TSA-117,T3,Utilize independent assessors to conduct pipeline cyber security assessments,CSF2.0,ID.IM-02,"Improvements are identified from security tests and exercises, including those done in coordination with suppliers and relevant third parties",3,0.0179,No Match
CAND-00352,TSA-118,T3,Establish technical or procedural controls for cyber intrusion monitoring and detection,CSF2.0,PR.PS-04,Log records are generated and made available for continuous monitoring,1,0.0782,No Match
CAND-00353,TSA-118,T3,Establish technical or procedural controls for cyber intrusion monitoring and detection,CSF2.0,DE.AE-07,Cyber threat intelligence and other contextual information are integrated into the analysis,2,0.0322,No Match
CAND-00354,TSA-118,T3,Establish technical or procedural controls for cyber intrusion monitoring and detection,CSF2.0,ID.RA-02,Cyber threat intelligence is received from information sharing forums and sources,3,0.0296,No Match
CAND-00355,TSA-119,T3,Perform regular testing of intrusion and malware detection processes and procedures,CSF2.0,ID.IM-03,"Improvements are identified from execution of operational processes, procedures, and activities",1,0.158,Related
CAND-00356,TSA-119,T3,Perform regular testing of intrusion and malware detection processes and procedures,CSF2.0,PR.AT-01,Personnel are provided with awareness and training so that they possess the knowledge and skills to perform general tasks with cybersecurity risks in mind,2,0.0481,No Match
CAND-00357,TSA-119,T3,Perform regular testing of intrusion and malware detection processes and procedures,CSF2.0,ID.RA-08,"Processes for receiving, analyzing, and responding to vulnerability disclosures are established",3,0.0444,No Match
CAND-00358,TSA-120,T3,"Establish policies and procedures for cybersecurity incident handling, analysis, reporting",CSF2.0,RS.AN-03,Analysis is performed to establish what has taken place during an incident and the root cause of the incident,1,0.1458,Related
CAND-00359,TSA-120,T3,"Establish policies and procedures for cybersecurity incident handling, analysis, reporting",CSF2.0,DE.AE-07,Cyber threat intelligence and other contextual information are integrated into the analysis,2,0.0741,No Match
CAND-00360,TSA-120,T3,"Establish policies and procedures for cybersecurity incident handling, analysis, reporting",CSF2.0,RC.RP-04,Critical mission functions and cybersecurity risk management are considered to establish post-incident operational norms,3,0.0732,No Match
CAND-00361,TSA-121,T3,Assign specific roles/tasks to individuals and teams for incident response,CSF2.0,RC.RP-01,The recovery portion of the incident response plan is executed once initiated from the incident response process,1,0.1839,Partial
CAND-00362,TSA-121,T3,Assign specific roles/tasks to individuals and teams for incident response,CSF2.0,PR.AT-02,Individuals in specialized roles are provided with awareness and training so that they possess the knowledge and skills to perform relevant tasks with cybersecurity risks in mind,2,0.1367,Related
CAND-00363,TSA-121,T3,Assign specific roles/tasks to individuals and teams for incident response,CSF2.0,RS.MA-01,The incident response plan is executed in coordination with relevant third parties once an incident is declared,3,0.1305,Related
CAND-00364,TSA-122,T3,Establish and maintain cyber-incident response capability,CSF2.0,RC.RP-01,The recovery portion of the incident response plan is executed once initiated from the incident response process,1,0.2401,Partial
CAND-00365,TSA-122,T3,Establish and maintain cyber-incident response capability,CSF2.0,RS.MA-01,The incident response plan is executed in coordination with relevant third parties once an incident is declared,2,0.1704,Related
CAND-00366,TSA-122,T3,Establish and maintain cyber-incident response capability,CSF2.0,ID.IM-04,"Incident response plans and other cybersecurity plans that affect operations are established, communicated, maintained, and improved",3,0.119,Related
CAND-00367,TSA-123,T3,Conduct cybersecurity incident response exercises periodically,CSF2.0,RC.RP-01,The recovery portion of the incident response plan is executed once initiated from the incident response process,1,0.2385,Partial
CAND-00368,TSA-123,T3,Conduct cybersecurity incident response exercises periodically,CSF2.0,RS.MA-01,The incident response plan is executed in coordination with relevant third parties once an incident is declared,2,0.1693,Related
CAND-00369,TSA-123,T3,Conduct cybersecurity incident response exercises periodically,CSF2.0,ID.IM-04,"Incident response plans and other cybersecurity plans that affect operations are established, communicated, maintained, and improved",3,0.1414,Related
CAND-00370,TSA-124,T3,Establish and maintain process supporting 24-hour cyber incident response,CSF2.0,RC.RP-01,The recovery portion of the incident response plan is executed once initiated from the incident response process,1,0.2265,Partial
CAND-00371,TSA-124,T3,Establish and maintain process supporting 24-hour cyber incident response,CSF2.0,RS.MA-01,The incident response plan is executed in coordination with relevant third parties once an incident is declared,2,0.1284,Related
CAND-00372,TSA-124,T3,Establish and maintain process supporting 24-hour cyber incident response,CSF2.0,ID.IM-04,"Incident response plans and other cybersecurity plans that affect operations are established, communicated, maintained, and improved",3,0.0897,Related
CAND-00373,TSA-125,T3,Report significant cyber incidents to senior management and applicable ISACs,CSF2.0,RS.MI-01,Incidents are contained,1,0.0851,Related
CAND-00374,TSA-125,T3,Report significant cyber incidents to senior management and applicable ISACs,CSF2.0,RS.MI-02,Incidents are eradicated,2,0.0851,Related
CAND-00375,TSA-125,T3,Report significant cyber incidents to senior management and applicable ISACs,CSF2.0,RS.MA-03,Incidents are categorized and prioritized,3,0.0665,No Match
CAND-00376,TSA-126,T3,Follow notification criteria in Appendix B for cyber incidents,CSF2.0,DE.AE-08,Incidents are declared when adverse events meet the defined incident criteria,1,0.1114,Related
CAND-00377,TSA-126,T3,Follow notification criteria in Appendix B for cyber incidents,CSF2.0,RS.MI-01,Incidents are contained,2,0.1011,Related
CAND-00378,TSA-126,T3,Follow notification criteria in Appendix B for cyber incidents,CSF2.0,RS.MI-02,Incidents are eradicated,3,0.1011,Related
CAND-00379,TSA-127,T3,Ensure response plans include mitigation measures to help prevent further impacts,CSF2.0,ID.IM-04,"Incident response plans and other cybersecurity plans that affect operations are established, communicated, maintained, and improved",1,0.1722,Related
CAND-00380,TSA-127,T3,Ensure response plans include mitigation measures to help prevent further impacts,CSF2.0,GV.SC-10,Cybersecurity supply chain risk management plans include provisions for activities that occur after the conclusion of a partnership or service agreement,2,0.133,Related
CAND-00381,TSA-127,T3,Ensure response plans include mitigation measures to help prevent further impacts,CSF2.0,ID.RA-05,"Threats, vulnerabilities, likelihoods, and impacts are used to understand inherent risk and inform risk response prioritization",3,0.0691,No Match
CAND-00382,TSA-128,T3,Establish plan for recovery and reconstitution of cyber assets within business continuity timeframe,CSF2.0,RC.RP-01,The recovery portion of the incident response plan is executed once initiated from the incident response process,1,0.0674,No Match
CAND-00383,TSA-128,T3,Establish plan for recovery and reconstitution of cyber assets within business continuity timeframe,CSF2.0,RS.MA-05,The criteria for initiating incident recovery are applied,2,0.05,No Match
CAND-00384,TSA-128,T3,Establish plan for recovery and reconstitution of cyber assets within business continuity timeframe,CSF2.0,ID.RA-01,"Vulnerabilities in assets are identified, validated, and recorded",3,0.0461,No Match
CAND-00385,TSA-129,T3,Review organization's cyber recovery plan annually and update as necessary,CSF2.0,RC.RP-01,The recovery portion of the incident response plan is executed once initiated from the incident response process,1,0.0722,No Match
CAND-00386,TSA-129,T3,Review organization's cyber recovery plan annually and update as necessary,CSF2.0,ID.AM-01,Inventories of hardware managed by the organization are maintained,2,0.0572,No Match
CAND-00387,TSA-129,T3,Review organization's cyber recovery plan annually and update as necessary,CSF2.0,RS.MA-05,The criteria for initiating incident recovery are applied,3,0.0536,No Match
CAND-00388,TSA-130,AppB,Notify TSOC via phone at 866-615-5150 or email at TSOC.ST@dhs.gov for security incidents,CSF2.0,RS.MI-01,Incidents are contained,1,0.0604,No Match
CAND-00389,TSA-130,AppB,Notify TSOC via phone at 866-615-5150 or email at TSOC.ST@dhs.gov for security incidents,CSF2.0,RS.MI-02,Incidents are eradicated,2,0.0604,No Match
CAND-00390,TSA-130,AppB,Notify TSOC via phone at 866-615-5150 or email at TSOC.ST@dhs.gov for security incidents,CSF2.0,RS.MA-03,Incidents are categorized and prioritized,3,0.0472,No Match
CAND-00391,TSA-001,2,Develop a corporate security plan as described in Section 3,SP800-53,CA-2,Select and develop a control assessment plan; assess controls to determine effectiveness.,1,0.0676,No Match
CAND-00392,TSA-001,2,Develop a corporate security plan as described in Section 3,SP800-53,IR-8,Develop an incident response plan that provides the organization with a roadmap for implementing its incident response capability.,2,0.0581,No Match
CAND-00393,TSA-001,2,Develop a corporate security plan as described in Section 3,SP800-53,PS-1,"Develop, document, and disseminate a personnel security policy and procedures.",3,0.0567,No Match
CAND-00394,TSA-002,2,"Ensure sufficient resources, to include trained staff and equipment",SP800-53,AC-3,Enforce approved authorizations for logical access to information and system resources.,1,0.0681,No Match
CAND-00395,TSA-002,2,"Ensure sufficient resources, to include trained staff and equipment",SP800-53,SR-6,Assess and review the supply chain-related risks associated with suppliers or contractors.,2,0.0,No Match
CAND-00396,TSA-002,2,"Ensure sufficient resources, to include trained staff and equipment",SP800-53,SR-1,"Develop, document, and disseminate a supply chain risk management policy and procedures.",3,0.0,No Match
CAND-00397,TSA-003,2,Ensure identified security deficiencies have appropriate financial resources allocated,SP800-53,AC-3,Enforce approved authorizations for logical access to information and system resources.,1,0.0646,No Match
CAND-00398,TSA-003,2,Ensure identified security deficiencies have appropriate financial resources allocated,SP800-53,SR-3,Establish a process to identify and address weaknesses or deficiencies in the supply chain elements and processes.,2,0.0603,No Match
CAND-00399,TSA-003,2,Ensure identified security deficiencies have appropriate financial resources allocated,SP800-53,AT-3,Provide role-based security and privacy training to personnel with assigned security/privacy roles before authorizing access.,3,0.0228,No Match
CAND-00400,TSA-004,2,Assign a qualified primary and alternate staff member to manage the corporate security program,SP800-53,SC-12,Establish and manage cryptographic keys when cryptography is employed within the system.,1,0.0553,No Match
CAND-00401,TSA-004,2,Assign a qualified primary and alternate staff member to manage the corporate security program,SP800-53,CA-7,Develop a continuous monitoring strategy and implement a program including ongoing control assessments.,2,0.044,No Match
CAND-00402,TSA-004,2,Assign a qualified primary and alternate staff member to manage the corporate security program,SP800-53,AC-2,"Define, document, and manage system account types, creation, enabling, modification, disabling, and removal; monitor account use.",3,0.0349,No Match
CAND-00403,TSA-005,2,"Develop and maintain a cyber/SCADA security plan, or incorporate measures in corporate plan",SP800-53,CA-2,Select and develop a control assessment plan; assess controls to determine effectiveness.,1,0.0855,Related
CAND-00404,TSA-005,2,"Develop and maintain a cyber/SCADA security plan, or incorporate measures in corporate plan",SP800-53,IR-8,Develop an incident response plan that provides the organization with a roadmap for implementing its incident response capability.,2,0.0736,No Match
CAND-00405,TSA-005,2,"Develop and maintain a cyber/SCADA security plan, or incorporate measures in corporate plan",SP800-53,CM-2,"Develop, document, and maintain a current baseline configuration of the system.",3,0.0617,No Match
CAND-00406,TSA-006,2,Develop and maintain security elements within corporate incident response and recovery plan,SP800-53,IR-8,Develop an incident response plan that provides the organization with a roadmap for implementing its incident response capability.,1,0.2423,Partial
CAND-00407,TSA-006,2,Develop and maintain security elements within corporate incident response and recovery plan,SP800-53,IR-1,"Develop, document, and disseminate an incident response policy and procedures.",2,0.1994,Partial
CAND-00408,TSA-006,2,Develop and maintain security elements within corporate incident response and recovery plan,SP800-53,IR-6,Require personnel to report suspected incidents to the organizational incident response capability within a defined time period.,3,0.0959,Related
CAND-00409,TSA-007,2,Implement appropriate threat level protective measures upon NTAS receipt,SP800-53,CP-9,"Conduct backups of user-level and system-level information and system documentation, protecting confidentiality, integrity, and availability.",1,0.1071,Related
CAND-00410,TSA-007,2,Implement appropriate threat level protective measures upon NTAS receipt,SP800-53,CA-7,Develop a continuous monitoring strategy and implement a program including ongoing control assessments.,2,0.0258,No Match
CAND-00411,TSA-007,2,Implement appropriate threat level protective measures upon NTAS receipt,SP800-53,CM-6,Establish and document configuration settings using security configuration checklists; implement and monitor for deviations.,3,0.0242,No Match
CAND-00412,TSA-008,2,Notify TSA of security incidents meeting criteria in Appendix B by phone or email,SP800-53,PE-6,Monitor physical access to the facility and system to detect and respond to physical security incidents.,1,0.0989,Related
CAND-00413,TSA-008,2,Notify TSA of security incidents meeting criteria in Appendix B by phone or email,SP800-53,IR-4,"Implement an incident handling capability for security incidents that includes preparation, detection, analysis, containment, eradication, and recovery.",2,0.0792,No Match
CAND-00414,TSA-008,2,Notify TSA of security incidents meeting criteria in Appendix B by phone or email,SP800-53,IR-6,Require personnel to report suspected incidents to the organizational incident response capability within a defined time period.,3,0.0323,No Match
CAND-00415,TSA-009,3.1,Identify the primary and alternate security manager responsible for executing plan,SP800-53,AU-2,Identify the types of events that the system is capable of logging in support of the audit function.,1,0.0408,No Match
CAND-00416,TSA-009,3.1,Identify the primary and alternate security manager responsible for executing plan,SP800-53,CA-2,Select and develop a control assessment plan; assess controls to determine effectiveness.,2,0.0385,No Match
CAND-00417,TSA-009,3.1,Identify the primary and alternate security manager responsible for executing plan,SP800-53,SR-3,Establish a process to identify and address weaknesses or deficiencies in the supply chain elements and processes.,3,0.0378,No Match
CAND-00418,TSA-010,3.1,Document company's security-related policies and procedures,SP800-53,PS-1,"Develop, document, and disseminate a personnel security policy and procedures.",1,0.1019,Related
CAND-00419,TSA-010,3.1,Document company's security-related policies and procedures,SP800-53,PL-1,"Develop, document, and disseminate a security and privacy planning policy and procedures.",2,0.0914,Related
CAND-00420,TSA-010,3.1,Document company's security-related policies and procedures,SP800-53,SR-6,Assess and review the supply chain-related risks associated with suppliers or contractors.,3,0.0834,Related
CAND-00421,TSA-011,3.1,"Reference other company plans, policies and procedures such as insider threat",SP800-53,PL-2,Develop security and privacy plans for the system that are consistent with the organization's enterprise architecture.,1,0.0635,No Match
CAND-00422,TSA-011,3.1,"Reference other company plans, policies and procedures such as insider threat",SP800-53,MA-1,"Develop, document, and disseminate a system maintenance policy and procedures.",2,0.0337,No Match
CAND-00423,TSA-011,3.1,"Reference other company plans, policies and procedures such as insider threat",SP800-53,IR-1,"Develop, document, and disseminate an incident response policy and procedures.",3,0.0318,No Match
CAND-00424,TSA-012,3.1,"Be reviewed on an annual basis, and updated as required based on findings",SP800-53,AT-3,Provide role-based security and privacy training to personnel with assigned security/privacy roles before authorizing access.,1,0.0436,No Match
CAND-00425,TSA-012,3.1,"Be reviewed on an annual basis, and updated as required based on findings",SP800-53,SR-6,Assess and review the supply chain-related risks associated with suppliers or contractors.,2,0.0,No Match
CAND-00426,TSA-012,3.1,"Be reviewed on an annual basis, and updated as required based on findings",SP800-53,SR-1,"Develop, document, and disseminate a supply chain risk management policy and procedures.",3,0.0,No Match
CAND-00427,TSA-013,3.1,Be protected from unauthorized access based on company policy,SP800-53,RA-3,"Conduct a risk assessment, including the likelihood and magnitude of harm from unauthorized access or use.",1,0.1325,Related
CAND-00428,TSA-013,3.1,Be protected from unauthorized access based on company policy,SP800-53,AT-3,Provide role-based security and privacy training to personnel with assigned security/privacy roles before authorizing access.,2,0.0787,No Match
CAND-00429,TSA-013,3.1,Be protected from unauthorized access based on company policy,SP800-53,AC-1,"Develop, document, and disseminate an access control policy and procedures; review and update periodically and following defined events.",3,0.0568,No Match
CAND-00430,TSA-014,3.1,Be provided to TSA for review upon request,SP800-53,AU-6,Review and analyze system audit records for indications of inappropriate or unusual activity.,1,0.0478,No Match
CAND-00431,TSA-014,3.1,Be provided to TSA for review upon request,SP800-53,SR-6,Assess and review the supply chain-related risks associated with suppliers or contractors.,2,0.0458,No Match
CAND-00432,TSA-014,3.1,Be provided to TSA for review upon request,SP800-53,AC-1,"Develop, document, and disseminate an access control policy and procedures; review and update periodically and following defined events.",3,0.0446,No Match
CAND-00433,TSA-015,4.2,"Conduct facility criticality assessments on a periodic basis, not to exceed 18 months",SP800-53,CA-7,Develop a continuous monitoring strategy and implement a program including ongoing control assessments.,1,0.0483,No Match
CAND-00434,TSA-015,4.2,"Conduct facility criticality assessments on a periodic basis, not to exceed 18 months",SP800-53,PE-6,Monitor physical access to the facility and system to detect and respond to physical security incidents.,2,0.045,No Match
CAND-00435,TSA-015,4.2,"Conduct facility criticality assessments on a periodic basis, not to exceed 18 months",SP800-53,RA-3,"Conduct a risk assessment, including the likelihood and magnitude of harm from unauthorized access or use.",3,0.0242,No Match
CAND-00436,TSA-016,4.2,"Document the methodology used, and retain criticality assessment until no longer valid",SP800-53,RA-1,"Develop, document, and disseminate a risk assessment policy and procedures.",1,0.0821,Related
CAND-00437,TSA-016,4.2,"Document the methodology used, and retain criticality assessment until no longer valid",SP800-53,CA-1,"Develop, document, and disseminate an assessment, authorization, and monitoring policy and procedures.",2,0.0705,No Match
CAND-00438,TSA-016,4.2,"Document the methodology used, and retain criticality assessment until no longer valid",SP800-53,CA-2,Select and develop a control assessment plan; assess controls to determine effectiveness.,3,0.037,No Match
CAND-00439,TSA-017,4.2,Conduct an SVA for facilities determined to be critical,SP800-53,RA-3,"Conduct a risk assessment, including the likelihood and magnitude of harm from unauthorized access or use.",1,0.0346,No Match
CAND-00440,TSA-017,4.2,Conduct an SVA for facilities determined to be critical,SP800-53,PS-4,"Upon termination of individual employment, disable system access, terminate credentials, and conduct exit interviews.",2,0.0322,No Match
CAND-00441,TSA-017,4.2,Conduct an SVA for facilities determined to be critical,SP800-53,CP-9,"Conduct backups of user-level and system-level information and system documentation, protecting confidentiality, integrity, and availability.",3,0.0296,No Match
CAND-00442,TSA-018,4.2,Maintain and secure the company's list of critical facilities,SP800-53,CM-2,"Develop, document, and maintain a current baseline configuration of the system.",1,0.0559,No Match
CAND-00443,TSA-018,4.2,Maintain and secure the company's list of critical facilities,SP800-53,PE-3,Enforce physical access authorizations at defined entry/exit points; maintain physical access audit logs.,2,0.0313,No Match
CAND-00444,TSA-018,4.2,Maintain and secure the company's list of critical facilities,SP800-53,SR-1,"Develop, document, and disseminate a supply chain risk management policy and procedures.",3,0.0,No Match
CAND-00445,TSA-019,4.3,"Conduct an SVA on a periodic basis, not to exceed 36 months",SP800-53,RA-3,"Conduct a risk assessment, including the likelihood and magnitude of harm from unauthorized access or use.",1,0.0286,No Match
CAND-00446,TSA-019,4.3,"Conduct an SVA on a periodic basis, not to exceed 36 months",SP800-53,PS-4,"Upon termination of individual employment, disable system access, terminate credentials, and conduct exit interviews.",2,0.0266,No Match
CAND-00447,TSA-019,4.3,"Conduct an SVA on a periodic basis, not to exceed 36 months",SP800-53,CP-9,"Conduct backups of user-level and system-level information and system documentation, protecting confidentiality, integrity, and availability.",3,0.0244,No Match
CAND-00448,TSA-020,4.3,Conduct SVA within 12 months after completion of significant enhancement,SP800-53,RA-3,"Conduct a risk assessment, including the likelihood and magnitude of harm from unauthorized access or use.",1,0.0279,No Match
CAND-00449,TSA-020,4.3,Conduct SVA within 12 months after completion of significant enhancement,SP800-53,PS-4,"Upon termination of individual employment, disable system access, terminate credentials, and conduct exit interviews.",2,0.026,No Match
CAND-00450,TSA-020,4.3,Conduct SVA within 12 months after completion of significant enhancement,SP800-53,CP-9,"Conduct backups of user-level and system-level information and system documentation, protecting confidentiality, integrity, and availability.",3,0.0238,No Match
CAND-00451,TSA-021,4.3,Conduct SVA for newly identified or constructed critical facilities within 12 months,SP800-53,RA-3,"Conduct a risk assessment, including the likelihood and magnitude of harm from unauthorized access or use.",1,0.0248,No Match
CAND-00452,TSA-021,4.3,Conduct SVA for newly identified or constructed critical facilities within 12 months,SP800-53,PS-4,"Upon termination of individual employment, disable system access, terminate credentials, and conduct exit interviews.",2,0.0231,No Match
CAND-00453,TSA-021,4.3,Conduct SVA for newly identified or constructed critical facilities within 12 months,SP800-53,CP-9,"Conduct backups of user-level and system-level information and system documentation, protecting confidentiality, integrity, and availability.",3,0.0212,No Match
CAND-00454,TSA-022,4.3,Document findings from each assessment and retain until no longer valid,SP800-53,RA-1,"Develop, document, and disseminate a risk assessment policy and procedures.",1,0.0977,Related
CAND-00455,TSA-022,4.3,Document findings from each assessment and retain until no longer valid,SP800-53,CA-1,"Develop, document, and disseminate an assessment, authorization, and monitoring policy and procedures.",2,0.0839,Related
CAND-00456,TSA-022,4.3,Document findings from each assessment and retain until no longer valid,SP800-53,CA-2,Select and develop a control assessment plan; assess controls to determine effectiveness.,3,0.044,No Match
CAND-00457,TSA-023,4.3,Implement appropriate SVA findings in timely fashion but no later than 24 months,SP800-53,CA-7,Develop a continuous monitoring strategy and implement a program including ongoing control assessments.,1,0.0245,No Match
CAND-00458,TSA-023,4.3,Implement appropriate SVA findings in timely fashion but no later than 24 months,SP800-53,CM-6,Establish and document configuration settings using security configuration checklists; implement and monitor for deviations.,2,0.023,No Match
CAND-00459,TSA-023,4.3,Implement appropriate SVA findings in timely fashion but no later than 24 months,SP800-53,IR-4,"Implement an incident handling capability for security incidents that includes preparation, detection, analysis, containment, eradication, and recovery.",3,0.0212,No Match
CAND-00460,TSA-024,4.3,Document assessment methodology and make available for TSA review upon request,SP800-53,RA-1,"Develop, document, and disseminate a risk assessment policy and procedures.",1,0.0841,Related
CAND-00461,TSA-024,4.3,Document assessment methodology and make available for TSA review upon request,SP800-53,CA-1,"Develop, document, and disseminate an assessment, authorization, and monitoring policy and procedures.",2,0.0723,No Match
CAND-00462,TSA-024,4.3,Document assessment methodology and make available for TSA review upon request,SP800-53,AC-1,"Develop, document, and disseminate an access control policy and procedures; review and update periodically and following defined events.",3,0.0485,No Match
CAND-00463,TSA-025,5.2,Develop a written policy and procedure to identify critical facilities,SP800-53,MA-1,"Develop, document, and disseminate a system maintenance policy and procedures.",1,0.0754,No Match
CAND-00464,TSA-025,5.2,Develop a written policy and procedure to identify critical facilities,SP800-53,IR-1,"Develop, document, and disseminate an incident response policy and procedures.",2,0.071,No Match
CAND-00465,TSA-025,5.2,Develop a written policy and procedure to identify critical facilities,SP800-53,PS-1,"Develop, document, and disseminate a personnel security policy and procedures.",3,0.0692,No Match
CAND-00466,TSA-026,6.2,Develop and implement baseline security measures at all facilities,SP800-53,CM-2,"Develop, document, and maintain a current baseline configuration of the system.",1,0.1393,Related
CAND-00467,TSA-026,6.2,Develop and implement baseline security measures at all facilities,SP800-53,PS-1,"Develop, document, and disseminate a personnel security policy and procedures.",2,0.063,No Match
CAND-00468,TSA-026,6.2,Develop and implement baseline security measures at all facilities,SP800-53,CA-7,Develop a continuous monitoring strategy and implement a program including ongoing control assessments.,3,0.0567,No Match
CAND-00469,TSA-027,6.2,Develop and implement both baseline and enhanced security measures at critical facilities,SP800-53,CM-2,"Develop, document, and maintain a current baseline configuration of the system.",1,0.1172,Related
CAND-00470,TSA-027,6.2,Develop and implement both baseline and enhanced security measures at critical facilities,SP800-53,PS-1,"Develop, document, and disseminate a personnel security policy and procedures.",2,0.0531,No Match
CAND-00471,TSA-027,6.2,Develop and implement both baseline and enhanced security measures at critical facilities,SP800-53,CA-7,Develop a continuous monitoring strategy and implement a program including ongoing control assessments.,3,0.0478,No Match
CAND-00472,TSA-028,6.3,"Develop, document, and implement site-specific security measures for critical facilities",SP800-53,PS-1,"Develop, document, and disseminate a personnel security policy and procedures.",1,0.1234,Related
CAND-00473,TSA-028,6.3,"Develop, document, and implement site-specific security measures for critical facilities",SP800-53,PL-1,"Develop, document, and disseminate a security and privacy planning policy and procedures.",2,0.1107,Related
CAND-00474,TSA-028,6.3,"Develop, document, and implement site-specific security measures for critical facilities",SP800-53,MA-1,"Develop, document, and disseminate a system maintenance policy and procedures.",3,0.1078,Related
CAND-00475,TSA-029,6.3,"Review site-specific security measures periodically, not to exceed 18 months",SP800-53,AC-1,"Develop, document, and disseminate an access control policy and procedures; review and update periodically and following defined events.",1,0.074,No Match
CAND-00476,TSA-029,6.3,"Review site-specific security measures periodically, not to exceed 18 months",SP800-53,AT-2,Provide security and privacy literacy training to system users as part of initial training and periodically thereafter.,2,0.0606,No Match
CAND-00477,TSA-029,6.3,"Review site-specific security measures periodically, not to exceed 18 months",SP800-53,AU-6,Review and analyze system audit records for indications of inappropriate or unusual activity.,3,0.0328,No Match
CAND-00478,TSA-030,T2,Employ measures to impede unauthorized access to facilities,SP800-53,RA-3,"Conduct a risk assessment, including the likelihood and magnitude of harm from unauthorized access or use.",1,0.1389,Related
CAND-00479,TSA-030,T2,Employ measures to impede unauthorized access to facilities,SP800-53,AC-6,"Employ the principle of least privilege, allowing only authorized accesses necessary to accomplish assigned tasks.",2,0.0522,No Match
CAND-00480,TSA-030,T2,Employ measures to impede unauthorized access to facilities,SP800-53,PE-3,Enforce physical access authorizations at defined entry/exit points; maintain physical access audit logs.,3,0.0498,No Match
CAND-00481,TSA-031,T2,Create a security perimeter impeding unauthorized vehicles using barriers,SP800-53,CM-6,Establish and document configuration settings using security configuration checklists; implement and monitor for deviations.,1,0.0579,No Match
CAND-00482,TSA-031,T2,Create a security perimeter impeding unauthorized vehicles using barriers,SP800-53,RA-3,"Conduct a risk assessment, including the likelihood and magnitude of harm from unauthorized access or use.",2,0.0342,No Match
CAND-00483,TSA-031,T2,Create a security perimeter impeding unauthorized vehicles using barriers,SP800-53,SI-4,"Monitor the system to detect attacks, indicators of potential attacks, and unauthorized connections.",3,0.0339,No Match
CAND-00484,TSA-032,T2,Maintain fences without gaps around gates or underneath fence line,SP800-53,CM-2,"Develop, document, and maintain a current baseline configuration of the system.",1,0.0459,No Match
CAND-00485,TSA-032,T2,Maintain fences without gaps around gates or underneath fence line,SP800-53,PE-3,Enforce physical access authorizations at defined entry/exit points; maintain physical access audit logs.,2,0.0257,No Match
CAND-00486,TSA-032,T2,Maintain fences without gaps around gates or underneath fence line,SP800-53,SR-1,"Develop, document, and disseminate a supply chain risk management policy and procedures.",3,0.0,No Match
CAND-00487,TSA-033,T2,"Ensure clear zone several feet on either side of fence, free of obstructions",SP800-53,SR-6,Assess and review the supply chain-related risks associated with suppliers or contractors.,1,0.0,No Match
CAND-00488,TSA-033,T2,"Ensure clear zone several feet on either side of fence, free of obstructions",SP800-53,SR-3,Establish a process to identify and address weaknesses or deficiencies in the supply chain elements and processes.,2,0.0,No Match
CAND-00489,TSA-033,T2,"Ensure clear zone several feet on either side of fence, free of obstructions",SP800-53,SR-1,"Develop, document, and disseminate a supply chain risk management policy and procedures.",3,0.0,No Match
CAND-00490,TSA-034,T2,Employ measures to impede unauthorized persons from gaining facility access,SP800-53,PE-6,Monitor physical access to the facility and system to detect and respond to physical security incidents.,1,0.0744,No Match
CAND-00491,TSA-034,T2,Employ measures to impede unauthorized persons from gaining facility access,SP800-53,RA-3,"Conduct a risk assessment, including the likelihood and magnitude of harm from unauthorized access or use.",2,0.0613,No Match
CAND-00492,TSA-034,T2,Employ measures to impede unauthorized persons from gaining facility access,SP800-53,AC-6,"Employ the principle of least privilege, allowing only authorized accesses necessary to accomplish assigned tasks.",3,0.0413,No Match
CAND-00493,TSA-035,T2,Implement procedures for controlling access to facility and restricted areas,SP800-53,PE-6,Monitor physical access to the facility and system to detect and respond to physical security incidents.,1,0.153,Related
CAND-00494,TSA-035,T2,Implement procedures for controlling access to facility and restricted areas,SP800-53,AC-1,"Develop, document, and disseminate an access control policy and procedures; review and update periodically and following defined events.",2,0.045,No Match
CAND-00495,TSA-035,T2,Implement procedures for controlling access to facility and restricted areas,SP800-53,PE-3,Enforce physical access authorizations at defined entry/exit points; maintain physical access audit logs.,3,0.0421,No Match
CAND-00496,TSA-036,T2,Close and secure perimeter gates or entrances when not in use,SP800-53,RA-3,"Conduct a risk assessment, including the likelihood and magnitude of harm from unauthorized access or use.",1,0.053,No Match
CAND-00497,TSA-036,T2,Close and secure perimeter gates or entrances when not in use,SP800-53,AC-2,"Define, document, and manage system account types, creation, enabling, modification, disabling, and removal; monitor account use.",2,0.041,No Match
CAND-00498,TSA-036,T2,Close and secure perimeter gates or entrances when not in use,SP800-53,SR-1,"Develop, document, and disseminate a supply chain risk management policy and procedures.",3,0.0,No Match
CAND-00499,TSA-037,T2,Post 'No Trespassing' or 'Authorized Personnel Only' signs at visible intervals,SP800-53,PS-1,"Develop, document, and disseminate a personnel security policy and procedures.",1,0.0616,No Match
CAND-00500,TSA-037,T2,Post 'No Trespassing' or 'Authorized Personnel Only' signs at visible intervals,SP800-53,AC-6,"Employ the principle of least privilege, allowing only authorized accesses necessary to accomplish assigned tasks.",2,0.0582,No Match
CAND-00501,TSA-037,T2,Post 'No Trespassing' or 'Authorized Personnel Only' signs at visible intervals,SP800-53,IR-6,Require personnel to report suspected incidents to the organizational incident response capability within a defined time period.,3,0.0349,No Match
CAND-00502,TSA-038,T2,Install and maintain gates of equivalent quality to attached barrier,SP800-53,CM-2,"Develop, document, and maintain a current baseline configuration of the system.",1,0.0459,No Match
CAND-00503,TSA-038,T2,Install and maintain gates of equivalent quality to attached barrier,SP800-53,PE-3,Enforce physical access authorizations at defined entry/exit points; maintain physical access audit logs.,2,0.0257,No Match
CAND-00504,TSA-038,T2,Install and maintain gates of equivalent quality to attached barrier,SP800-53,SR-1,"Develop, document, and disseminate a supply chain risk management policy and procedures.",3,0.0,No Match
CAND-00505,TSA-039,T2,"Establish and document key control procedures for issuance, tracking, collection",SP800-53,SC-7,Monitor and control communications at external and key internal managed interfaces of the system.,1,0.099,Related
CAND-00506,TSA-039,T2,"Establish and document key control procedures for issuance, tracking, collection",SP800-53,CM-6,Establish and document configuration settings using security configuration checklists; implement and monitor for deviations.,2,0.0934,Related
CAND-00507,TSA-039,T2,"Establish and document key control procedures for issuance, tracking, collection",SP800-53,AC-1,"Develop, document, and disseminate an access control policy and procedures; review and update periodically and following defined events.",3,0.07,No Match
CAND-00508,TSA-040,T2,Use patent keys to prevent unauthorized duplication,SP800-53,RA-3,"Conduct a risk assessment, including the likelihood and magnitude of harm from unauthorized access or use.",1,0.0926,Related
CAND-00509,TSA-040,T2,Use patent keys to prevent unauthorized duplication,SP800-53,SC-12,Establish and manage cryptographic keys when cryptography is employed within the system.,2,0.087,Related
CAND-00510,TSA-040,T2,Use patent keys to prevent unauthorized duplication,SP800-53,AC-2,"Define, document, and manage system account types, creation, enabling, modification, disabling, and removal; monitor account use.",3,0.0411,No Match
CAND-00511,TSA-041,T2,Conduct key inventories every 24 months,SP800-53,SC-7,Monitor and control communications at external and key internal managed interfaces of the system.,1,0.0782,No Match
CAND-00512,TSA-041,T2,Conduct key inventories every 24 months,SP800-53,RA-3,"Conduct a risk assessment, including the likelihood and magnitude of harm from unauthorized access or use.",2,0.0329,No Match
CAND-00513,TSA-041,T2,Conduct key inventories every 24 months,SP800-53,PS-4,"Upon termination of individual employment, disable system access, terminate credentials, and conduct exit interviews.",3,0.0307,No Match
CAND-00514,TSA-042,T2,Provide sufficient illumination for recognition of intrusion into perimeter,SP800-53,CP-10,"Provide for the recovery and reconstitution of the system to a known state after a disruption, compromise, or failure.",1,0.0437,No Match
CAND-00515,TSA-042,T2,Provide sufficient illumination for recognition of intrusion into perimeter,SP800-53,AT-2,Provide security and privacy literacy training to system users as part of initial training and periodically thereafter.,2,0.0429,No Match
CAND-00516,TSA-042,T2,Provide sufficient illumination for recognition of intrusion into perimeter,SP800-53,AT-3,Provide role-based security and privacy training to personnel with assigned security/privacy roles before authorizing access.,3,0.035,No Match
CAND-00517,TSA-043,T2,"Provide critical facilities with security measures to monitor, detect unauthorized access",SP800-53,SI-4,"Monitor the system to detect attacks, indicators of potential attacks, and unauthorized connections.",1,0.2013,Partial
CAND-00518,TSA-043,T2,"Provide critical facilities with security measures to monitor, detect unauthorized access",SP800-53,PE-6,Monitor physical access to the facility and system to detect and respond to physical security incidents.,2,0.1454,Related
CAND-00519,TSA-043,T2,"Provide critical facilities with security measures to monitor, detect unauthorized access",SP800-53,RA-3,"Conduct a risk assessment, including the likelihood and magnitude of harm from unauthorized access or use.",3,0.1162,Related
CAND-00520,TSA-044,T2,Develop identification and badging policies and procedures for secure area personnel,SP800-53,IA-1,"Develop, document, and disseminate an identification and authentication policy and procedures.",1,0.1285,Related
CAND-00521,TSA-044,T2,Develop identification and badging policies and procedures for secure area personnel,SP800-53,PS-1,"Develop, document, and disseminate a personnel security policy and procedures.",2,0.1184,Related
CAND-00522,TSA-044,T2,Develop identification and badging policies and procedures for secure area personnel,SP800-53,MA-1,"Develop, document, and disseminate a system maintenance policy and procedures.",3,0.0594,No Match
CAND-00523,TSA-045,T2,"Ensure company or vendor identification available for examination, visibly displayed",SP800-53,IA-1,"Develop, document, and disseminate an identification and authentication policy and procedures.",1,0.0714,No Match
CAND-00524,TSA-045,T2,"Ensure company or vendor identification available for examination, visibly displayed",SP800-53,SR-6,Assess and review the supply chain-related risks associated with suppliers or contractors.,2,0.0,No Match
CAND-00525,TSA-045,T2,"Ensure company or vendor identification available for examination, visibly displayed",SP800-53,SR-1,"Develop, document, and disseminate a supply chain risk management policy and procedures.",3,0.0,No Match
CAND-00526,TSA-046,T2,"Ensure identification cards are secure from tampering, contain photograph and name",SP800-53,IA-1,"Develop, document, and disseminate an identification and authentication policy and procedures.",1,0.0761,No Match
CAND-00527,TSA-046,T2,"Ensure identification cards are secure from tampering, contain photograph and name",SP800-53,SR-6,Assess and review the supply chain-related risks associated with suppliers or contractors.,2,0.0,No Match
CAND-00528,TSA-046,T2,"Ensure identification cards are secure from tampering, contain photograph and name",SP800-53,SR-1,"Develop, document, and disseminate a supply chain risk management policy and procedures.",3,0.0,No Match
CAND-00529,TSA-047,T2,Establish policies and procedures for applicant pre-employment screening,SP800-53,PS-4,"Upon termination of individual employment, disable system access, terminate credentials, and conduct exit interviews.",1,0.0588,No Match
CAND-00530,TSA-047,T2,Establish policies and procedures for applicant pre-employment screening,SP800-53,SC-12,Establish and manage cryptographic keys when cryptography is employed within the system.,2,0.0355,No Match
CAND-00531,TSA-047,T2,Establish policies and procedures for applicant pre-employment screening,SP800-53,MA-1,"Develop, document, and disseminate a system maintenance policy and procedures.",3,0.0341,No Match
CAND-00532,TSA-048,T2,Conduct pre-employment background investigations for positions with unescorted control access,SP800-53,PS-4,"Upon termination of individual employment, disable system access, terminate credentials, and conduct exit interviews.",1,0.093,Related
CAND-00533,TSA-048,T2,Conduct pre-employment background investigations for positions with unescorted control access,SP800-53,AC-1,"Develop, document, and disseminate an access control policy and procedures; review and update periodically and following defined events.",2,0.0545,No Match
CAND-00534,TSA-048,T2,Conduct pre-employment background investigations for positions with unescorted control access,SP800-53,RA-3,"Conduct a risk assessment, including the likelihood and magnitude of harm from unauthorized access or use.",3,0.0467,No Match
CAND-00535,TSA-049,T2,"At minimum, investigations should verify identity, check criminal history, verify work authorization",SP800-53,CA-1,"Develop, document, and disseminate an assessment, authorization, and monitoring policy and procedures.",1,0.067,No Match
CAND-00536,TSA-049,T2,"At minimum, investigations should verify identity, check criminal history, verify work authorization",SP800-53,IA-2,Uniquely identify and authenticate organizational users and associate that identity with processes acting on behalf of users.,2,0.0348,No Match
CAND-00537,TSA-049,T2,"At minimum, investigations should verify identity, check criminal history, verify work authorization",SP800-53,IA-5,"Manage system authenticators by verifying identity, establishing initial content, changing default authenticators, and refreshing authenticators.",3,0.0305,No Match
CAND-00538,TSA-050,T2,Verify contractors have background investigation policies at least as rigorous,SP800-53,SR-6,Assess and review the supply chain-related risks associated with suppliers or contractors.,1,0.0708,No Match
CAND-00539,TSA-050,T2,Verify contractors have background investigation policies at least as rigorous,SP800-53,SR-3,Establish a process to identify and address weaknesses or deficiencies in the supply chain elements and processes.,2,0.0,No Match
CAND-00540,TSA-050,T2,Verify contractors have background investigation policies at least as rigorous,SP800-53,SR-1,"Develop, document, and disseminate a supply chain risk management policy and procedures.",3,0.0,No Match
CAND-00541,TSA-051,T2,"Conduct recurring background investigations, not to exceed 10 years, for security positions",SP800-53,RA-3,"Conduct a risk assessment, including the likelihood and magnitude of harm from unauthorized access or use.",1,0.0234,No Match
CAND-00542,TSA-051,T2,"Conduct recurring background investigations, not to exceed 10 years, for security positions",SP800-53,PS-4,"Upon termination of individual employment, disable system access, terminate credentials, and conduct exit interviews.",2,0.0218,No Match
CAND-00543,TSA-051,T2,"Conduct recurring background investigations, not to exceed 10 years, for security positions",SP800-53,AT-3,Provide role-based security and privacy training to personnel with assigned security/privacy roles before authorizing access.,3,0.0216,No Match
CAND-00544,TSA-052,T2,Develop and implement maintenance program ensuring security systems in good working order,SP800-53,MA-1,"Develop, document, and disseminate a system maintenance policy and procedures.",1,0.1083,Related
CAND-00545,TSA-052,T2,Develop and implement maintenance program ensuring security systems in good working order,SP800-53,CA-7,Develop a continuous monitoring strategy and implement a program including ongoing control assessments.,2,0.0808,Related
CAND-00546,TSA-052,T2,Develop and implement maintenance program ensuring security systems in good working order,SP800-53,MA-2,"Schedule, document, and review records of maintenance and repairs on system components in accordance with manufacturer specifications.",3,0.0469,No Match
CAND-00547,TSA-053,T2,"Through routine use or quarterly exam, verify proper operation of all security equipment",SP800-53,RA-3,"Conduct a risk assessment, including the likelihood and magnitude of harm from unauthorized access or use.",1,0.0428,No Match
CAND-00548,TSA-053,T2,"Through routine use or quarterly exam, verify proper operation of all security equipment",SP800-53,AC-2,"Define, document, and manage system account types, creation, enabling, modification, disabling, and removal; monitor account use.",2,0.0331,No Match
CAND-00549,TSA-053,T2,"Through routine use or quarterly exam, verify proper operation of all security equipment",SP800-53,AT-3,Provide role-based security and privacy training to personnel with assigned security/privacy roles before authorizing access.,3,0.0209,No Match
CAND-00550,TSA-054,T2,Identify and respond to security equipment malfunctions or failures in timely manner,SP800-53,PE-6,Monitor physical access to the facility and system to detect and respond to physical security incidents.,1,0.0738,No Match
CAND-00551,TSA-054,T2,Identify and respond to security equipment malfunctions or failures in timely manner,SP800-53,AU-2,Identify the types of events that the system is capable of logging in support of the audit function.,2,0.0405,No Match
CAND-00552,TSA-054,T2,Identify and respond to security equipment malfunctions or failures in timely manner,SP800-53,SR-3,Establish a process to identify and address weaknesses or deficiencies in the supply chain elements and processes.,3,0.0376,No Match
CAND-00553,TSA-055,T2,Provide equivalent protective security measures during power outages or equipment failure,SP800-53,CP-10,"Provide for the recovery and reconstitution of the system to a known state after a disruption, compromise, or failure.",1,0.0988,Related
CAND-00554,TSA-055,T2,Provide equivalent protective security measures during power outages or equipment failure,SP800-53,AT-3,Provide role-based security and privacy training to personnel with assigned security/privacy roles before authorizing access.,2,0.0511,No Match
CAND-00555,TSA-055,T2,Provide equivalent protective security measures during power outages or equipment failure,SP800-53,AT-2,Provide security and privacy literacy training to system users as part of initial training and periodically thereafter.,3,0.0492,No Match
CAND-00556,TSA-056,T2,"Integrate security risk mitigation measures during design, construction, renovation",SP800-53,RA-1,"Develop, document, and disseminate a risk assessment policy and procedures.",1,0.0717,No Match
CAND-00557,TSA-056,T2,"Integrate security risk mitigation measures during design, construction, renovation",SP800-53,SA-8,"Apply security and privacy engineering principles in the specification, design, development, implementation, and modification of the system.",2,0.0708,No Match
CAND-00558,TSA-056,T2,"Integrate security risk mitigation measures during design, construction, renovation",SP800-53,SR-1,"Develop, document, and disseminate a supply chain risk management policy and procedures.",3,0.0573,No Match
CAND-00559,TSA-057,T2,Update facility SVA within 12 months following significant modifications,SP800-53,AC-1,"Develop, document, and disseminate an access control policy and procedures; review and update periodically and following defined events.",1,0.1122,Related
CAND-00560,TSA-057,T2,Update facility SVA within 12 months following significant modifications,SP800-53,PE-6,Monitor physical access to the facility and system to detect and respond to physical security incidents.,2,0.0471,No Match
CAND-00561,TSA-057,T2,Update facility SVA within 12 months following significant modifications,SP800-53,SR-1,"Develop, document, and disseminate a supply chain risk management policy and procedures.",3,0.0,No Match
CAND-00562,TSA-058,T2,Develop internal and external notification requirements and procedures,SP800-53,SC-7,Monitor and control communications at external and key internal managed interfaces of the system.,1,0.1566,Related
CAND-00563,TSA-058,T2,Develop internal and external notification requirements and procedures,SP800-53,MA-1,"Develop, document, and disseminate a system maintenance policy and procedures.",2,0.0665,No Match
CAND-00564,TSA-058,T2,Develop internal and external notification requirements and procedures,SP800-53,IR-1,"Develop, document, and disseminate an incident response policy and procedures.",3,0.0626,No Match
CAND-00565,TSA-059,T2,Document and periodically update contact and communication information,SP800-53,AC-1,"Develop, document, and disseminate an access control policy and procedures; review and update periodically and following defined events.",1,0.1299,Related
CAND-00566,TSA-059,T2,Document and periodically update contact and communication information,SP800-53,SI-1,"Develop, document, and disseminate a system and information integrity policy and procedures.",2,0.094,Related
CAND-00567,TSA-059,T2,Document and periodically update contact and communication information,SP800-53,SC-8,Protect the confidentiality and integrity of transmitted information.,3,0.0577,No Match
CAND-00568,TSA-060,T2,Ensure primary and alternate communication capabilities exist for reporting events,SP800-53,AU-2,Identify the types of events that the system is capable of logging in support of the audit function.,1,0.0521,No Match
CAND-00569,TSA-060,T2,Ensure primary and alternate communication capabilities exist for reporting events,SP800-53,AC-1,"Develop, document, and disseminate an access control policy and procedures; review and update periodically and following defined events.",2,0.0483,No Match
CAND-00570,TSA-060,T2,Ensure primary and alternate communication capabilities exist for reporting events,SP800-53,SR-1,"Develop, document, and disseminate a supply chain risk management policy and procedures.",3,0.0,No Match
CAND-00571,TSA-061,T2,"Establish defined process for receiving, handling, disseminating security information",SP800-53,SR-3,Establish a process to identify and address weaknesses or deficiencies in the supply chain elements and processes.,1,0.0724,No Match
CAND-00572,TSA-061,T2,"Establish defined process for receiving, handling, disseminating security information",SP800-53,IR-4,"Implement an incident handling capability for security incidents that includes preparation, detection, analysis, containment, eradication, and recovery.",2,0.0608,No Match
CAND-00573,TSA-061,T2,"Establish defined process for receiving, handling, disseminating security information",SP800-53,SI-1,"Develop, document, and disseminate a system and information integrity policy and procedures.",3,0.0541,No Match
CAND-00574,TSA-062,T2,"Provide security awareness briefings including incident recognition upon hiring, every 3 years",SP800-53,AT-2,Provide security and privacy literacy training to system users as part of initial training and periodically thereafter.,1,0.1054,Related
CAND-00575,TSA-062,T2,"Provide security awareness briefings including incident recognition upon hiring, every 3 years",SP800-53,AT-1,"Develop, document, and disseminate an awareness and training policy and procedures.",2,0.069,No Match
CAND-00576,TSA-062,T2,"Provide security awareness briefings including incident recognition upon hiring, every 3 years",SP800-53,IR-8,Develop an incident response plan that provides the organization with a roadmap for implementing its incident response capability.,3,0.0551,No Match
CAND-00577,TSA-063,T2,Provide security training including incident response to assigned security personnel,SP800-53,AT-3,Provide role-based security and privacy training to personnel with assigned security/privacy roles before authorizing access.,1,0.2547,Partial
CAND-00578,TSA-063,T2,Provide security training including incident response to assigned security personnel,SP800-53,AT-2,Provide security and privacy literacy training to system users as part of initial training and periodically thereafter.,2,0.2141,Partial
CAND-00579,TSA-063,T2,Provide security training including incident response to assigned security personnel,SP800-53,IR-8,Develop an incident response plan that provides the organization with a roadmap for implementing its incident response capability.,3,0.1956,Partial
CAND-00580,TSA-064,T2,Document security training and maintain records per company retention policy,SP800-53,AT-1,"Develop, document, and disseminate an awareness and training policy and procedures.",1,0.1303,Related
CAND-00581,TSA-064,T2,Document security training and maintain records per company retention policy,SP800-53,AT-2,Provide security and privacy literacy training to system users as part of initial training and periodically thereafter.,2,0.1015,Related
CAND-00582,TSA-064,T2,Document security training and maintain records per company retention policy,SP800-53,PS-1,"Develop, document, and disseminate a personnel security policy and procedures.",3,0.0912,Related
CAND-00583,TSA-065,T2,"Conduct periodic security drills or exercises, including announced/unannounced tests",SP800-53,RA-3,"Conduct a risk assessment, including the likelihood and magnitude of harm from unauthorized access or use.",1,0.0614,No Match
CAND-00584,TSA-065,T2,"Conduct periodic security drills or exercises, including announced/unannounced tests",SP800-53,CA-7,Develop a continuous monitoring strategy and implement a program including ongoing control assessments.,2,0.0373,No Match
CAND-00585,TSA-065,T2,"Conduct periodic security drills or exercises, including announced/unannounced tests",SP800-53,PS-4,"Upon termination of individual employment, disable system access, terminate credentials, and conduct exit interviews.",3,0.0216,No Match
CAND-00586,TSA-066,T2,Conduct or participate in annual security drill or exercise,SP800-53,RA-3,"Conduct a risk assessment, including the likelihood and magnitude of harm from unauthorized access or use.",1,0.0292,No Match
CAND-00587,TSA-066,T2,Conduct or participate in annual security drill or exercise,SP800-53,PS-4,"Upon termination of individual employment, disable system access, terminate credentials, and conduct exit interviews.",2,0.0272,No Match
CAND-00588,TSA-066,T2,Conduct or participate in annual security drill or exercise,SP800-53,AT-3,Provide role-based security and privacy training to personnel with assigned security/privacy roles before authorizing access.,3,0.027,No Match
CAND-00589,TSA-067,T2,Develop and implement written post-event report assessing drills and documenting corrections,SP800-53,SI-2,"Identify, report, and correct system flaws; test software and firmware updates before installation.",1,0.0396,No Match
CAND-00590,TSA-067,T2,Develop and implement written post-event report assessing drills and documenting corrections,SP800-53,IR-6,Require personnel to report suspected incidents to the organizational incident response capability within a defined time period.,2,0.0364,No Match
CAND-00591,TSA-067,T2,Develop and implement written post-event report assessing drills and documenting corrections,SP800-53,CA-7,Develop a continuous monitoring strategy and implement a program including ongoing control assessments.,3,0.0358,No Match
CAND-00592,TSA-068,T2,Implement procedures for responding to security incidents or emergencies,SP800-53,IR-4,"Implement an incident handling capability for security incidents that includes preparation, detection, analysis, containment, eradication, and recovery.",1,0.1352,Related
CAND-00593,TSA-068,T2,Implement procedures for responding to security incidents or emergencies,SP800-53,PE-6,Monitor physical access to the facility and system to detect and respond to physical security incidents.,2,0.1332,Related
CAND-00594,TSA-068,T2,Implement procedures for responding to security incidents or emergencies,SP800-53,PS-1,"Develop, document, and disseminate a personnel security policy and procedures.",3,0.0623,No Match
CAND-00595,TSA-069,T2,Post bomb threat checklists by telephones at staffed facilities,SP800-53,CM-6,Establish and document configuration settings using security configuration checklists; implement and monitor for deviations.,1,0.0596,No Match
CAND-00596,TSA-069,T2,Post bomb threat checklists by telephones at staffed facilities,SP800-53,SR-6,Assess and review the supply chain-related risks associated with suppliers or contractors.,2,0.0,No Match
CAND-00597,TSA-069,T2,Post bomb threat checklists by telephones at staffed facilities,SP800-53,SR-1,"Develop, document, and disseminate a supply chain risk management policy and procedures.",3,0.0,No Match
CAND-00598,TSA-070,T2,Develop and document recordkeeping policies and procedures for security information,SP800-53,SI-1,"Develop, document, and disseminate a system and information integrity policy and procedures.",1,0.2121,Partial
CAND-00599,TSA-070,T2,Develop and document recordkeeping policies and procedures for security information,SP800-53,PS-1,"Develop, document, and disseminate a personnel security policy and procedures.",2,0.1776,Related
CAND-00600,TSA-070,T2,Develop and document recordkeeping policies and procedures for security information,SP800-53,MA-1,"Develop, document, and disseminate a system maintenance policy and procedures.",3,0.1629,Related
CAND-00601,TSA-071,T2,Retain corporate security plan until superseded or replaced,SP800-53,CA-2,Select and develop a control assessment plan; assess controls to determine effectiveness.,1,0.0505,No Match
CAND-00602,TSA-071,T2,Retain corporate security plan until superseded or replaced,SP800-53,IR-8,Develop an incident response plan that provides the organization with a roadmap for implementing its incident response capability.,2,0.0434,No Match
CAND-00603,TSA-071,T2,Retain corporate security plan until superseded or replaced,SP800-53,AT-3,Provide role-based security and privacy training to personnel with assigned security/privacy roles before authorizing access.,3,0.0304,No Match
CAND-00604,TSA-072,T2,Retain criticality assessment documents until superseded or replaced,SP800-53,RA-1,"Develop, document, and disseminate a risk assessment policy and procedures.",1,0.0665,No Match
CAND-00605,TSA-072,T2,Retain criticality assessment documents until superseded or replaced,SP800-53,CA-1,"Develop, document, and disseminate an assessment, authorization, and monitoring policy and procedures.",2,0.0571,No Match
CAND-00606,TSA-072,T2,Retain criticality assessment documents until superseded or replaced,SP800-53,CA-2,Select and develop a control assessment plan; assess controls to determine effectiveness.,3,0.0448,No Match
CAND-00607,TSA-073,T2,Retain training records until superseded or replaced,SP800-53,AT-2,Provide security and privacy literacy training to system users as part of initial training and periodically thereafter.,1,0.1108,Related
CAND-00608,TSA-073,T2,Retain training records until superseded or replaced,SP800-53,AT-1,"Develop, document, and disseminate an awareness and training policy and procedures.",2,0.0822,Related
CAND-00609,TSA-073,T2,Retain training records until superseded or replaced,SP800-53,AU-6,Review and analyze system audit records for indications of inappropriate or unusual activity.,3,0.0679,No Match
CAND-00610,TSA-074,T2,Retain security drill reports until superseded or replaced,SP800-53,AT-3,Provide role-based security and privacy training to personnel with assigned security/privacy roles before authorizing access.,1,0.0284,No Match
CAND-00611,TSA-074,T2,Retain security drill reports until superseded or replaced,SP800-53,PS-1,"Develop, document, and disseminate a personnel security policy and procedures.",2,0.0265,No Match
CAND-00612,TSA-074,T2,Retain security drill reports until superseded or replaced,SP800-53,PL-1,"Develop, document, and disseminate a security and privacy planning policy and procedures.",3,0.0237,No Match
CAND-00613,TSA-075,T2,Retain SVAs until superseded or replaced for critical facilities,SP800-53,SR-6,Assess and review the supply chain-related risks associated with suppliers or contractors.,1,0.0,No Match
CAND-00614,TSA-075,T2,Retain SVAs until superseded or replaced for critical facilities,SP800-53,SR-3,Establish a process to identify and address weaknesses or deficiencies in the supply chain elements and processes.,2,0.0,No Match
CAND-00615,TSA-075,T2,Retain SVAs until superseded or replaced for critical facilities,SP800-53,SR-1,"Develop, document, and disseminate a supply chain risk management policy and procedures.",3,0.0,No Match
CAND-00616,TSA-076,T2,Retain site-specific measures until superseded or replaced for critical facilities,SP800-53,SR-6,Assess and review the supply chain-related risks associated with suppliers or contractors.,1,0.0,No Match
CAND-00617,TSA-076,T2,Retain site-specific measures until superseded or replaced for critical facilities,SP800-53,SR-3,Establish a process to identify and address weaknesses or deficiencies in the supply chain elements and processes.,2,0.0,No Match
CAND-00618,TSA-076,T2,Retain site-specific measures until superseded or replaced for critical facilities,SP800-53,SR-1,"Develop, document, and disseminate a supply chain risk management policy and procedures.",3,0.0,No Match
CAND-00619,TSA-077,T2,Make security information records available to TSA upon request,SP800-53,SI-1,"Develop, document, and disseminate a system and information integrity policy and procedures.",1,0.059,No Match
CAND-00620,TSA-077,T2,Make security information records available to TSA upon request,SP800-53,AU-6,Review and analyze system audit records for indications of inappropriate or unusual activity.,2,0.0549,No Match
CAND-00621,TSA-077,T2,Make security information records available to TSA upon request,SP800-53,SC-8,Protect the confidentiality and integrity of transmitted information.,3,0.0542,No Match
CAND-00622,TSA-078,T2,Conduct outreach to nearby law enforcement agencies,SP800-53,RA-3,"Conduct a risk assessment, including the likelihood and magnitude of harm from unauthorized access or use.",1,0.0281,No Match
CAND-00623,TSA-078,T2,Conduct outreach to nearby law enforcement agencies,SP800-53,PS-4,"Upon termination of individual employment, disable system access, terminate credentials, and conduct exit interviews.",2,0.0262,No Match
CAND-00624,TSA-078,T2,Conduct outreach to nearby law enforcement agencies,SP800-53,CP-9,"Conduct backups of user-level and system-level information and system documentation, protecting confidentiality, integrity, and availability.",3,0.024,No Match
CAND-00625,TSA-079,T2,Conduct outreach to neighboring businesses to coordinate security efforts,SP800-53,RA-3,"Conduct a risk assessment, including the likelihood and magnitude of harm from unauthorized access or use.",1,0.0269,No Match
CAND-00626,TSA-079,T2,Conduct outreach to neighboring businesses to coordinate security efforts,SP800-53,PS-4,"Upon termination of individual employment, disable system access, terminate credentials, and conduct exit interviews.",2,0.025,No Match
CAND-00627,TSA-079,T2,Conduct outreach to neighboring businesses to coordinate security efforts,SP800-53,AT-3,Provide role-based security and privacy training to personnel with assigned security/privacy roles before authorizing access.,3,0.0248,No Match
CAND-00628,TSA-080,T2,Conduct outreach to neighboring residences for facility security awareness,SP800-53,AT-1,"Develop, document, and disseminate an awareness and training policy and procedures.",1,0.0808,Related
CAND-00629,TSA-080,T2,Conduct outreach to neighboring residences for facility security awareness,SP800-53,PE-6,Monitor physical access to the facility and system to detect and respond to physical security incidents.,2,0.0685,No Match
CAND-00630,TSA-080,T2,Conduct outreach to neighboring residences for facility security awareness,SP800-53,RA-3,"Conduct a risk assessment, including the likelihood and magnitude of harm from unauthorized access or use.",3,0.0281,No Match
CAND-00631,TSA-081,7.2,Evaluate pipeline cyber assets and classify as critical or non-critical,SP800-53,SR-6,Assess and review the supply chain-related risks associated with suppliers or contractors.,1,0.0,No Match
CAND-00632,TSA-081,7.2,Evaluate pipeline cyber assets and classify as critical or non-critical,SP800-53,SR-3,Establish a process to identify and address weaknesses or deficiencies in the supply chain elements and processes.,2,0.0,No Match
CAND-00633,TSA-081,7.2,Evaluate pipeline cyber assets and classify as critical or non-critical,SP800-53,SR-1,"Develop, document, and disseminate a supply chain risk management policy and procedures.",3,0.0,No Match
CAND-00634,TSA-082,T3,Establish and document policies and procedures for configuration information assessment,SP800-53,CM-6,Establish and document configuration settings using security configuration checklists; implement and monitor for deviations.,1,0.2279,Partial
CAND-00635,TSA-082,T3,Establish and document policies and procedures for configuration information assessment,SP800-53,CM-1,"Develop, document, and disseminate a configuration management policy and procedures.",2,0.1605,Related
CAND-00636,TSA-082,T3,Establish and document policies and procedures for configuration information assessment,SP800-53,RA-1,"Develop, document, and disseminate a risk assessment policy and procedures.",3,0.134,Related
CAND-00637,TSA-083,T3,Track changes made to pipeline cyber assets and assess patch/upgrade impacts,SP800-53,CA-2,Select and develop a control assessment plan; assess controls to determine effectiveness.,1,0.043,No Match
CAND-00638,TSA-083,T3,Track changes made to pipeline cyber assets and assess patch/upgrade impacts,SP800-53,SR-6,Assess and review the supply chain-related risks associated with suppliers or contractors.,2,0.0411,No Match
CAND-00639,TSA-083,T3,Track changes made to pipeline cyber assets and assess patch/upgrade impacts,SP800-53,SR-1,"Develop, document, and disseminate a supply chain risk management policy and procedures.",3,0.0,No Match
CAND-00640,TSA-084,T3,Employ mechanisms to maintain accurate inventory and detect unauthorized components,SP800-53,CM-8,Develop and document an inventory of system components that accurately reflects the current system.,1,0.1368,Related
CAND-00641,TSA-084,T3,Employ mechanisms to maintain accurate inventory and detect unauthorized components,SP800-53,SI-4,"Monitor the system to detect attacks, indicators of potential attacks, and unauthorized connections.",2,0.0859,Related
CAND-00642,TSA-084,T3,Employ mechanisms to maintain accurate inventory and detect unauthorized components,SP800-53,PE-6,Monitor physical access to the facility and system to detect and respond to physical security incidents.,3,0.0544,No Match
CAND-00643,TSA-085,T3,Develop and maintain comprehensive network/system architecture diagrams,SP800-53,PL-2,Develop security and privacy plans for the system that are consistent with the organization's enterprise architecture.,1,0.1027,Related
CAND-00644,TSA-085,T3,Develop and maintain comprehensive network/system architecture diagrams,SP800-53,CM-2,"Develop, document, and maintain a current baseline configuration of the system.",2,0.0781,No Match
CAND-00645,TSA-085,T3,Develop and maintain comprehensive network/system architecture diagrams,SP800-53,MA-1,"Develop, document, and disseminate a system maintenance policy and procedures.",3,0.0306,No Match
CAND-00646,TSA-086,T3,"Review network connections periodically, including remote and third-party connections",SP800-53,SI-4,"Monitor the system to detect attacks, indicators of potential attacks, and unauthorized connections.",1,0.1059,Related
CAND-00647,TSA-086,T3,"Review network connections periodically, including remote and third-party connections",SP800-53,AC-1,"Develop, document, and disseminate an access control policy and procedures; review and update periodically and following defined events.",2,0.0689,No Match
CAND-00648,TSA-086,T3,"Review network connections periodically, including remote and third-party connections",SP800-53,AT-2,Provide security and privacy literacy training to system users as part of initial training and periodically thereafter.,3,0.043,No Match
CAND-00649,TSA-087,T3,Develop detailed inventory for every endpoint,SP800-53,CM-8,Develop and document an inventory of system components that accurately reflects the current system.,1,0.1252,Related
CAND-00650,TSA-087,T3,Develop detailed inventory for every endpoint,SP800-53,MA-1,"Develop, document, and disseminate a system maintenance policy and procedures.",2,0.0379,No Match
CAND-00651,TSA-087,T3,Develop detailed inventory for every endpoint,SP800-53,IR-1,"Develop, document, and disseminate an incident response policy and procedures.",3,0.0357,No Match
CAND-00652,TSA-088,T3,Review and assess pipeline cyber asset classification every 12 months,SP800-53,SR-6,Assess and review the supply chain-related risks associated with suppliers or contractors.,1,0.0794,No Match
CAND-00653,TSA-088,T3,Review and assess pipeline cyber asset classification every 12 months,SP800-53,CA-2,Select and develop a control assessment plan; assess controls to determine effectiveness.,2,0.0487,No Match
CAND-00654,TSA-088,T3,Review and assess pipeline cyber asset classification every 12 months,SP800-53,AU-6,Review and analyze system audit records for indications of inappropriate or unusual activity.,3,0.0342,No Match
CAND-00655,TSA-089,T3,Ensure non-critical asset changes to control operations trigger critical asset designation,SP800-53,SC-7,Monitor and control communications at external and key internal managed interfaces of the system.,1,0.0275,No Match
CAND-00656,TSA-089,T3,Ensure non-critical asset changes to control operations trigger critical asset designation,SP800-53,CA-2,Select and develop a control assessment plan; assess controls to determine effectiveness.,2,0.0271,No Match
CAND-00657,TSA-089,T3,Ensure non-critical asset changes to control operations trigger critical asset designation,SP800-53,CA-7,Develop a continuous monitoring strategy and implement a program including ongoing control assessments.,3,0.0254,No Match
CAND-00658,TSA-090,T3,"Establish and distribute cybersecurity policies, plans, processes, supporting procedures",SP800-53,SR-3,Establish a process to identify and address weaknesses or deficiencies in the supply chain elements and processes.,1,0.0737,No Match
CAND-00659,TSA-090,T3,"Establish and distribute cybersecurity policies, plans, processes, supporting procedures",SP800-53,PL-2,Develop security and privacy plans for the system that are consistent with the organization's enterprise architecture.,2,0.0598,No Match
CAND-00660,TSA-090,T3,"Establish and distribute cybersecurity policies, plans, processes, supporting procedures",SP800-53,IA-2,Uniquely identify and authenticate organizational users and associate that identity with processes acting on behalf of users.,3,0.0418,No Match
CAND-00661,TSA-091,T3,"Review and assess cybersecurity policies regularly, not to exceed 36 months",SP800-53,SR-6,Assess and review the supply chain-related risks associated with suppliers or contractors.,1,0.0815,Related
CAND-00662,TSA-091,T3,"Review and assess cybersecurity policies regularly, not to exceed 36 months",SP800-53,CA-2,Select and develop a control assessment plan; assess controls to determine effectiveness.,2,0.05,No Match
CAND-00663,TSA-091,T3,"Review and assess cybersecurity policies regularly, not to exceed 36 months",SP800-53,AU-6,Review and analyze system audit records for indications of inappropriate or unusual activity.,3,0.0351,No Match
CAND-00664,TSA-092,T3,"Review and assess cybersecurity policies regularly, not to exceed 12 months for enhanced",SP800-53,SR-6,Assess and review the supply chain-related risks associated with suppliers or contractors.,1,0.0759,No Match
CAND-00665,TSA-092,T3,"Review and assess cybersecurity policies regularly, not to exceed 12 months for enhanced",SP800-53,CA-2,Select and develop a control assessment plan; assess controls to determine effectiveness.,2,0.0466,No Match
CAND-00666,TSA-092,T3,"Review and assess cybersecurity policies regularly, not to exceed 12 months for enhanced",SP800-53,AU-6,Review and analyze system audit records for indications of inappropriate or unusual activity.,3,0.0327,No Match
CAND-00667,TSA-093,T3,"Develop operational framework for coordination, communication, accountability",SP800-53,AU-1,"Develop, document, and disseminate an audit and accountability policy and procedures.",1,0.1295,Related
CAND-00668,TSA-093,T3,"Develop operational framework for coordination, communication, accountability",SP800-53,MA-1,"Develop, document, and disseminate a system maintenance policy and procedures.",2,0.0295,No Match
CAND-00669,TSA-093,T3,"Develop operational framework for coordination, communication, accountability",SP800-53,IR-1,"Develop, document, and disseminate an incident response policy and procedures.",3,0.0278,No Match
CAND-00670,TSA-094,T3,Establish process to identify and evaluate vulnerabilities and compensating controls,SP800-53,SR-3,Establish a process to identify and address weaknesses or deficiencies in the supply chain elements and processes.,1,0.2572,Partial
CAND-00671,TSA-094,T3,Establish process to identify and evaluate vulnerabilities and compensating controls,SP800-53,RA-5,Monitor and scan for vulnerabilities in the system and hosted applications; remediate legitimate vulnerabilities.,2,0.1361,Related
CAND-00672,TSA-094,T3,Establish process to identify and evaluate vulnerabilities and compensating controls,SP800-53,AU-2,Identify the types of events that the system is capable of logging in support of the audit function.,3,0.0454,No Match
CAND-00673,TSA-095,T3,Ensure threat and vulnerability information from sharing forums available to responsible personnel,SP800-53,PS-1,"Develop, document, and disseminate a personnel security policy and procedures.",1,0.0564,No Match
CAND-00674,TSA-095,T3,Ensure threat and vulnerability information from sharing forums available to responsible personnel,SP800-53,SI-1,"Develop, document, and disseminate a system and information integrity policy and procedures.",2,0.0488,No Match
CAND-00675,TSA-095,T3,Ensure threat and vulnerability information from sharing forums available to responsible personnel,SP800-53,SC-8,Protect the confidentiality and integrity of transmitted information.,3,0.0449,No Match
CAND-00676,TSA-096,T3,Establish and enforce unique accounts for each individual user and administrator,SP800-53,AC-3,Enforce approved authorizations for logical access to information and system resources.,1,0.0628,No Match
CAND-00677,TSA-096,T3,Establish and enforce unique accounts for each individual user and administrator,SP800-53,PS-4,"Upon termination of individual employment, disable system access, terminate credentials, and conduct exit interviews.",2,0.062,No Match
CAND-00678,TSA-096,T3,Establish and enforce unique accounts for each individual user and administrator,SP800-53,CP-9,"Conduct backups of user-level and system-level information and system documentation, protecting confidentiality, integrity, and availability.",3,0.0425,No Match
CAND-00679,TSA-097,T3,Restrict user physical access to control systems using appropriate controls,SP800-53,PE-3,Enforce physical access authorizations at defined entry/exit points; maintain physical access audit logs.,1,0.1954,Partial
CAND-00680,TSA-097,T3,Restrict user physical access to control systems using appropriate controls,SP800-53,PE-6,Monitor physical access to the facility and system to detect and respond to physical security incidents.,2,0.1797,Related
CAND-00681,TSA-097,T3,Restrict user physical access to control systems using appropriate controls,SP800-53,AC-1,"Develop, document, and disseminate an access control policy and procedures; review and update periodically and following defined events.",3,0.1089,Related
CAND-00682,TSA-098,T3,"Employ stringent identity and access management practices (authenticators, passwords)",SP800-53,IA-5,"Manage system authenticators by verifying identity, establishing initial content, changing default authenticators, and refreshing authenticators.",1,0.1753,Related
CAND-00683,TSA-098,T3,"Employ stringent identity and access management practices (authenticators, passwords)",SP800-53,CM-1,"Develop, document, and disseminate a configuration management policy and procedures.",2,0.0695,No Match
CAND-00684,TSA-098,T3,"Employ stringent identity and access management practices (authenticators, passwords)",SP800-53,SR-1,"Develop, document, and disseminate a supply chain risk management policy and procedures.",3,0.0569,No Match
CAND-00685,TSA-099,T3,"Expeditiously modify, delete, or deactivate user accounts for terminated personnel",SP800-53,PS-1,"Develop, document, and disseminate a personnel security policy and procedures.",1,0.0575,No Match
CAND-00686,TSA-099,T3,"Expeditiously modify, delete, or deactivate user accounts for terminated personnel",SP800-53,CP-9,"Conduct backups of user-level and system-level information and system documentation, protecting confidentiality, integrity, and availability.",2,0.0381,No Match
CAND-00687,TSA-099,T3,"Expeditiously modify, delete, or deactivate user accounts for terminated personnel",SP800-53,IR-6,Require personnel to report suspected incidents to the organizational incident response capability within a defined time period.,3,0.0326,No Match
CAND-00688,TSA-100,T3,Establish and enforce access control policies for local and remote users,SP800-53,AC-1,"Develop, document, and disseminate an access control policy and procedures; review and update periodically and following defined events.",1,0.1173,Related
CAND-00689,TSA-100,T3,Establish and enforce access control policies for local and remote users,SP800-53,IA-2,Uniquely identify and authenticate organizational users and associate that identity with processes acting on behalf of users.,2,0.0999,Related
CAND-00690,TSA-100,T3,Establish and enforce access control policies for local and remote users,SP800-53,AC-3,Enforce approved authorizations for logical access to information and system resources.,3,0.0919,Related
CAND-00691,TSA-101,T3,Implement controls for approving and enforcing policy for remote/third-party connections,SP800-53,SI-4,"Monitor the system to detect attacks, indicators of potential attacks, and unauthorized connections.",1,0.0562,No Match
CAND-00692,TSA-101,T3,Implement controls for approving and enforcing policy for remote/third-party connections,SP800-53,MA-1,"Develop, document, and disseminate a system maintenance policy and procedures.",2,0.0393,No Match
CAND-00693,TSA-101,T3,Implement controls for approving and enforcing policy for remote/third-party connections,SP800-53,CA-2,Select and develop a control assessment plan; assess controls to determine effectiveness.,3,0.0387,No Match
CAND-00694,TSA-102,T3,Monitor physical and remote user access to critical pipeline cyber assets,SP800-53,PE-6,Monitor physical access to the facility and system to detect and respond to physical security incidents.,1,0.2368,Partial
CAND-00695,TSA-102,T3,Monitor physical and remote user access to critical pipeline cyber assets,SP800-53,PE-3,Enforce physical access authorizations at defined entry/exit points; maintain physical access audit logs.,2,0.1152,Related
CAND-00696,TSA-102,T3,Monitor physical and remote user access to critical pipeline cyber assets,SP800-53,PE-1,"Develop, document, and disseminate a physical and environmental protection policy and procedures.",3,0.064,No Match
CAND-00697,TSA-103,T3,Ensure appropriate segregation of duties in place or apply compensating controls,SP800-53,SA-8,"Apply security and privacy engineering principles in the specification, design, development, implementation, and modification of the system.",1,0.0577,No Match
CAND-00698,TSA-103,T3,Ensure appropriate segregation of duties in place or apply compensating controls,SP800-53,CA-2,Select and develop a control assessment plan; assess controls to determine effectiveness.,2,0.0376,No Match
CAND-00699,TSA-103,T3,Ensure appropriate segregation of duties in place or apply compensating controls,SP800-53,SR-1,"Develop, document, and disseminate a supply chain risk management policy and procedures.",3,0.0,No Match
CAND-00700,TSA-104,T3,Change all default passwords upon installation or implement compensating controls,SP800-53,SI-2,"Identify, report, and correct system flaws; test software and firmware updates before installation.",1,0.0647,No Match
CAND-00701,TSA-104,T3,Change all default passwords upon installation or implement compensating controls,SP800-53,IA-5,"Manage system authenticators by verifying identity, establishing initial content, changing default authenticators, and refreshing authenticators.",2,0.05,No Match
CAND-00702,TSA-104,T3,Change all default passwords upon installation or implement compensating controls,SP800-53,CA-2,Select and develop a control assessment plan; assess controls to determine effectiveness.,3,0.0409,No Match
CAND-00703,TSA-105,T3,Employ mechanisms to support management of accounts,SP800-53,CM-1,"Develop, document, and disseminate a configuration management policy and procedures.",1,0.091,Related
CAND-00704,TSA-105,T3,Employ mechanisms to support management of accounts,SP800-53,AU-2,Identify the types of events that the system is capable of logging in support of the audit function.,2,0.0844,Related
CAND-00705,TSA-105,T3,Employ mechanisms to support management of accounts,SP800-53,SR-1,"Develop, document, and disseminate a supply chain risk management policy and procedures.",3,0.0745,No Match
CAND-00706,TSA-106,T3,Ensure all persons requiring access receive cybersecurity awareness training,SP800-53,AT-1,"Develop, document, and disseminate an awareness and training policy and procedures.",1,0.2298,Partial
CAND-00707,TSA-106,T3,Ensure all persons requiring access receive cybersecurity awareness training,SP800-53,AT-2,Provide security and privacy literacy training to system users as part of initial training and periodically thereafter.,2,0.0808,Related
CAND-00708,TSA-106,T3,Ensure all persons requiring access receive cybersecurity awareness training,SP800-53,AT-3,Provide role-based security and privacy training to personnel with assigned security/privacy roles before authorizing access.,3,0.0536,No Match
CAND-00709,TSA-107,T3,Provide role-based security training on recognizing indicators of system compromise,SP800-53,AT-3,Provide role-based security and privacy training to personnel with assigned security/privacy roles before authorizing access.,1,0.3504,Direct
CAND-00710,TSA-107,T3,Provide role-based security training on recognizing indicators of system compromise,SP800-53,AT-2,Provide security and privacy literacy training to system users as part of initial training and periodically thereafter.,2,0.1355,Related
CAND-00711,TSA-107,T3,Provide role-based security training on recognizing indicators of system compromise,SP800-53,CP-10,"Provide for the recovery and reconstitution of the system to a known state after a disruption, compromise, or failure.",3,0.1074,Related
CAND-00712,TSA-108,T3,Establish and execute cyber-threat awareness program including practical exercises,SP800-53,CA-7,Develop a continuous monitoring strategy and implement a program including ongoing control assessments.,1,0.1437,Related
CAND-00713,TSA-108,T3,Establish and execute cyber-threat awareness program including practical exercises,SP800-53,AT-1,"Develop, document, and disseminate an awareness and training policy and procedures.",2,0.0681,No Match
CAND-00714,TSA-108,T3,Establish and execute cyber-threat awareness program including practical exercises,SP800-53,RA-3,"Conduct a risk assessment, including the likelihood and magnitude of harm from unauthorized access or use.",3,0.0391,No Match
CAND-00715,TSA-109,T3,Establish and implement policies and procedures for data protection measures,SP800-53,SC-1,"Develop, document, and disseminate a system and communications protection policy and procedures.",1,0.1211,Related
CAND-00716,TSA-109,T3,Establish and implement policies and procedures for data protection measures,SP800-53,MP-1,"Develop, document, and disseminate a media protection policy and procedures.",2,0.1211,Related
CAND-00717,TSA-109,T3,Establish and implement policies and procedures for data protection measures,SP800-53,PE-1,"Develop, document, and disseminate a physical and environmental protection policy and procedures.",3,0.1076,Related
CAND-00718,TSA-110,T3,Segregate and protect pipeline cyber assets from enterprise networks using firewalls,SP800-53,SC-8,Protect the confidentiality and integrity of transmitted information.,1,0.0816,Related
CAND-00719,TSA-110,T3,Segregate and protect pipeline cyber assets from enterprise networks using firewalls,SP800-53,PL-2,Develop security and privacy plans for the system that are consistent with the organization's enterprise architecture.,2,0.0662,No Match
CAND-00720,TSA-110,T3,Segregate and protect pipeline cyber assets from enterprise networks using firewalls,SP800-53,CM-6,Establish and document configuration settings using security configuration checklists; implement and monitor for deviations.,3,0.0439,No Match
CAND-00721,TSA-111,T3,Regularly validate technical controls comply with cybersecurity policies and report,SP800-53,SI-2,"Identify, report, and correct system flaws; test software and firmware updates before installation.",1,0.0457,No Match
CAND-00722,TSA-111,T3,Regularly validate technical controls comply with cybersecurity policies and report,SP800-53,IR-6,Require personnel to report suspected incidents to the organizational incident response capability within a defined time period.,2,0.042,No Match
CAND-00723,TSA-111,T3,Regularly validate technical controls comply with cybersecurity policies and report,SP800-53,CA-2,Select and develop a control assessment plan; assess controls to determine effectiveness.,3,0.0386,No Match
CAND-00724,TSA-112,T3,Implement technical or procedural controls to restrict cyber assets for approved activities,SP800-53,AC-3,Enforce approved authorizations for logical access to information and system resources.,1,0.0706,No Match
CAND-00725,TSA-112,T3,Implement technical or procedural controls to restrict cyber assets for approved activities,SP800-53,CA-2,Select and develop a control assessment plan; assess controls to determine effectiveness.,2,0.0369,No Match
CAND-00726,TSA-112,T3,Implement technical or procedural controls to restrict cyber assets for approved activities,SP800-53,CA-7,Develop a continuous monitoring strategy and implement a program including ongoing control assessments.,3,0.025,No Match
CAND-00727,TSA-113,T3,Implement processes to generate alerts and log cybersecurity events for anomalies,SP800-53,AU-2,Identify the types of events that the system is capable of logging in support of the audit function.,1,0.0521,No Match
CAND-00728,TSA-113,T3,Implement processes to generate alerts and log cybersecurity events for anomalies,SP800-53,AC-1,"Develop, document, and disseminate an access control policy and procedures; review and update periodically and following defined events.",2,0.0483,No Match
CAND-00729,TSA-113,T3,Implement processes to generate alerts and log cybersecurity events for anomalies,SP800-53,SR-3,Establish a process to identify and address weaknesses or deficiencies in the supply chain elements and processes.,3,0.0445,No Match
CAND-00730,TSA-114,T3,Review logs and respond to alerts in timely manner,SP800-53,PE-6,Monitor physical access to the facility and system to detect and respond to physical security incidents.,1,0.0685,No Match
CAND-00731,TSA-114,T3,Review logs and respond to alerts in timely manner,SP800-53,PE-3,Enforce physical access authorizations at defined entry/exit points; maintain physical access audit logs.,2,0.0572,No Match
CAND-00732,TSA-114,T3,Review logs and respond to alerts in timely manner,SP800-53,AU-6,Review and analyze system audit records for indications of inappropriate or unusual activity.,3,0.0369,No Match
CAND-00733,TSA-115,T3,Monitor for unauthorized access or introduction of malicious code,SP800-53,RA-3,"Conduct a risk assessment, including the likelihood and magnitude of harm from unauthorized access or use.",1,0.1257,Related
CAND-00734,TSA-115,T3,Monitor for unauthorized access or introduction of malicious code,SP800-53,SI-4,"Monitor the system to detect attacks, indicators of potential attacks, and unauthorized connections.",2,0.0842,Related
CAND-00735,TSA-115,T3,Monitor for unauthorized access or introduction of malicious code,SP800-53,PE-6,Monitor physical access to the facility and system to detect and respond to physical security incidents.,3,0.0763,No Match
CAND-00736,TSA-116,T3,Conduct cyber vulnerability assessments per risk assessment process,SP800-53,RA-1,"Develop, document, and disseminate a risk assessment policy and procedures.",1,0.241,Partial
CAND-00737,TSA-116,T3,Conduct cyber vulnerability assessments per risk assessment process,SP800-53,RA-3,"Conduct a risk assessment, including the likelihood and magnitude of harm from unauthorized access or use.",2,0.1844,Partial
CAND-00738,TSA-116,T3,Conduct cyber vulnerability assessments per risk assessment process,SP800-53,SR-1,"Develop, document, and disseminate a supply chain risk management policy and procedures.",3,0.0655,No Match
CAND-00739,TSA-117,T3,Utilize independent assessors to conduct pipeline cyber security assessments,SP800-53,CA-7,Develop a continuous monitoring strategy and implement a program including ongoing control assessments.,1,0.0513,No Match
CAND-00740,TSA-117,T3,Utilize independent assessors to conduct pipeline cyber security assessments,SP800-53,RA-3,"Conduct a risk assessment, including the likelihood and magnitude of harm from unauthorized access or use.",2,0.0257,No Match
CAND-00741,TSA-117,T3,Utilize independent assessors to conduct pipeline cyber security assessments,SP800-53,PS-4,"Upon termination of individual employment, disable system access, terminate credentials, and conduct exit interviews.",3,0.0239,No Match
CAND-00742,TSA-118,T3,Establish technical or procedural controls for cyber intrusion monitoring and detection,SP800-53,CA-1,"Develop, document, and disseminate an assessment, authorization, and monitoring policy and procedures.",1,0.0763,No Match
CAND-00743,TSA-118,T3,Establish technical or procedural controls for cyber intrusion monitoring and detection,SP800-53,CA-7,Develop a continuous monitoring strategy and implement a program including ongoing control assessments.,2,0.0562,No Match
CAND-00744,TSA-118,T3,Establish technical or procedural controls for cyber intrusion monitoring and detection,SP800-53,IR-4,"Implement an incident handling capability for security incidents that includes preparation, detection, analysis, containment, eradication, and recovery.",3,0.0488,No Match
CAND-00745,TSA-119,T3,Perform regular testing of intrusion and malware detection processes and procedures,SP800-53,IR-4,"Implement an incident handling capability for security incidents that includes preparation, detection, analysis, containment, eradication, and recovery.",1,0.0459,No Match
CAND-00746,TSA-119,T3,Perform regular testing of intrusion and malware detection processes and procedures,SP800-53,SR-3,Establish a process to identify and address weaknesses or deficiencies in the supply chain elements and processes.,2,0.044,No Match
CAND-00747,TSA-119,T3,Perform regular testing of intrusion and malware detection processes and procedures,SP800-53,IA-2,Uniquely identify and authenticate organizational users and associate that identity with processes acting on behalf of users.,3,0.0385,No Match
CAND-00748,TSA-120,T3,"Establish policies and procedures for cybersecurity incident handling, analysis, reporting",SP800-53,IR-4,"Implement an incident handling capability for security incidents that includes preparation, detection, analysis, containment, eradication, and recovery.",1,0.1973,Partial
CAND-00749,TSA-120,T3,"Establish policies and procedures for cybersecurity incident handling, analysis, reporting",SP800-53,IR-1,"Develop, document, and disseminate an incident response policy and procedures.",2,0.0871,Related
CAND-00750,TSA-120,T3,"Establish policies and procedures for cybersecurity incident handling, analysis, reporting",SP800-53,IR-8,Develop an incident response plan that provides the organization with a roadmap for implementing its incident response capability.,3,0.0624,No Match
CAND-00751,TSA-121,T3,Assign specific roles/tasks to individuals and teams for incident response,SP800-53,IR-8,Develop an incident response plan that provides the organization with a roadmap for implementing its incident response capability.,1,0.1856,Partial
CAND-00752,TSA-121,T3,Assign specific roles/tasks to individuals and teams for incident response,SP800-53,IR-1,"Develop, document, and disseminate an incident response policy and procedures.",2,0.1664,Related
CAND-00753,TSA-121,T3,Assign specific roles/tasks to individuals and teams for incident response,SP800-53,PS-3,Screen individuals prior to authorizing access to the system; rescreen individuals per defined conditions.,3,0.1176,Related
CAND-00754,TSA-122,T3,Establish and maintain cyber-incident response capability,SP800-53,IR-8,Develop an incident response plan that provides the organization with a roadmap for implementing its incident response capability.,1,0.3875,Direct
CAND-00755,TSA-122,T3,Establish and maintain cyber-incident response capability,SP800-53,IR-6,Require personnel to report suspected incidents to the organizational incident response capability within a defined time period.,2,0.257,Partial
CAND-00756,TSA-122,T3,Establish and maintain cyber-incident response capability,SP800-53,IR-1,"Develop, document, and disseminate an incident response policy and procedures.",3,0.2294,Partial
CAND-00757,TSA-123,T3,Conduct cybersecurity incident response exercises periodically,SP800-53,IR-8,Develop an incident response plan that provides the organization with a roadmap for implementing its incident response capability.,1,0.2399,Partial
CAND-00758,TSA-123,T3,Conduct cybersecurity incident response exercises periodically,SP800-53,IR-1,"Develop, document, and disseminate an incident response policy and procedures.",2,0.2151,Partial
CAND-00759,TSA-123,T3,Conduct cybersecurity incident response exercises periodically,SP800-53,IR-6,Require personnel to report suspected incidents to the organizational incident response capability within a defined time period.,3,0.1188,Related
CAND-00760,TSA-124,T3,Establish and maintain process supporting 24-hour cyber incident response,SP800-53,IR-8,Develop an incident response plan that provides the organization with a roadmap for implementing its incident response capability.,1,0.1856,Partial
CAND-00761,TSA-124,T3,Establish and maintain process supporting 24-hour cyber incident response,SP800-53,IR-1,"Develop, document, and disseminate an incident response policy and procedures.",2,0.1664,Related
CAND-00762,TSA-124,T3,Establish and maintain process supporting 24-hour cyber incident response,SP800-53,IR-6,Require personnel to report suspected incidents to the organizational incident response capability within a defined time period.,3,0.0919,Related
CAND-00763,TSA-125,T3,Report significant cyber incidents to senior management and applicable ISACs,SP800-53,IR-6,Require personnel to report suspected incidents to the organizational incident response capability within a defined time period.,1,0.0752,No Match
CAND-00764,TSA-125,T3,Report significant cyber incidents to senior management and applicable ISACs,SP800-53,CM-1,"Develop, document, and disseminate a configuration management policy and procedures.",2,0.07,No Match
CAND-00765,TSA-125,T3,Report significant cyber incidents to senior management and applicable ISACs,SP800-53,SR-1,"Develop, document, and disseminate a supply chain risk management policy and procedures.",3,0.0573,No Match
CAND-00766,TSA-126,T3,Follow notification criteria in Appendix B for cyber incidents,SP800-53,PE-6,Monitor physical access to the facility and system to detect and respond to physical security incidents.,1,0.0479,No Match
CAND-00767,TSA-126,T3,Follow notification criteria in Appendix B for cyber incidents,SP800-53,IR-6,Require personnel to report suspected incidents to the organizational incident response capability within a defined time period.,2,0.0401,No Match
CAND-00768,TSA-126,T3,Follow notification criteria in Appendix B for cyber incidents,SP800-53,IR-4,"Implement an incident handling capability for security incidents that includes preparation, detection, analysis, containment, eradication, and recovery.",3,0.0384,No Match
CAND-00769,TSA-127,T3,Ensure response plans include mitigation measures to help prevent further impacts,SP800-53,IR-8,Develop an incident response plan that provides the organization with a roadmap for implementing its incident response capability.,1,0.0586,No Match
CAND-00770,TSA-127,T3,Ensure response plans include mitigation measures to help prevent further impacts,SP800-53,PL-2,Develop security and privacy plans for the system that are consistent with the organization's enterprise architecture.,2,0.0534,No Match
CAND-00771,TSA-127,T3,Ensure response plans include mitigation measures to help prevent further impacts,SP800-53,IR-1,"Develop, document, and disseminate an incident response policy and procedures.",3,0.0525,No Match
CAND-00772,TSA-128,T3,Establish plan for recovery and reconstitution of cyber assets within business continuity timeframe,SP800-53,CP-10,"Provide for the recovery and reconstitution of the system to a known state after a disruption, compromise, or failure.",1,0.1725,Related
CAND-00773,TSA-128,T3,Establish plan for recovery and reconstitution of cyber assets within business continuity timeframe,SP800-53,IR-4,"Implement an incident handling capability for security incidents that includes preparation, detection, analysis, containment, eradication, and recovery.",2,0.038,No Match
CAND-00774,TSA-128,T3,Establish plan for recovery and reconstitution of cyber assets within business continuity timeframe,SP800-53,CA-2,Select and develop a control assessment plan; assess controls to determine effectiveness.,3,0.0365,No Match
CAND-00775,TSA-129,T3,Review organization's cyber recovery plan annually and update as necessary,SP800-53,IR-8,Develop an incident response plan that provides the organization with a roadmap for implementing its incident response capability.,1,0.0844,Related
CAND-00776,TSA-129,T3,Review organization's cyber recovery plan annually and update as necessary,SP800-53,AC-1,"Develop, document, and disseminate an access control policy and procedures; review and update periodically and following defined events.",2,0.0805,Related
CAND-00777,TSA-129,T3,Review organization's cyber recovery plan annually and update as necessary,SP800-53,PL-2,Develop security and privacy plans for the system that are consistent with the organization's enterprise architecture.,3,0.0638,No Match
CAND-00778,TSA-130,AppB,Notify TSOC via phone at 866-615-5150 or email at TSOC.ST@dhs.gov for security incidents,SP800-53,PE-6,Monitor physical access to the facility and system to detect and respond to physical security incidents.,1,0.0746,No Match
CAND-00779,TSA-130,AppB,Notify TSOC via phone at 866-615-5150 or email at TSOC.ST@dhs.gov for security incidents,SP800-53,IR-4,"Implement an incident handling capability for security incidents that includes preparation, detection, analysis, containment, eradication, and recovery.",2,0.0598,No Match
CAND-00780,TSA-130,AppB,Notify TSOC via phone at 866-615-5150 or email at TSOC.ST@dhs.gov for security incidents,SP800-53,IR-6,Require personnel to report suspected incidents to the organizational incident response capability within a defined time period.,3,0.0243,No Match
CAND-00781,TSA-001,2,Develop a corporate security plan as described in Section 3,CPG1.0.1,2.O,"Enable STARTTLS, SPF, DKIM, and DMARC set to ""reject"" on all corporate email infrastructure.",1,0.0483,No Match
CAND-00782,TSA-001,2,Develop a corporate security plan as described in Section 3,CPG1.0.1,5.A,"Develop, maintain, and execute plans to recover and restore mission-critical assets impacted by incidents.",2,0.0309,No Match
CAND-00783,TSA-001,2,Develop a corporate security plan as described in Section 3,CPG1.0.1,4.A,"Maintain public, discoverable method for security researchers to notify organizations of vulnerabilities.",3,0.0172,No Match
CAND-00784,TSA-002,2,"Ensure sufficient resources, to include trained staff and equipment",CPG1.0.1,1.I,Procurement documents include cybersecurity requirements evaluated during vendor selection.,1,0.0607,No Match
CAND-00785,TSA-002,2,"Ensure sufficient resources, to include trained staff and equipment",CPG1.0.1,5.A,"Develop, maintain, and execute plans to recover and restore mission-critical assets impacted by incidents.",2,0.0,No Match
CAND-00786,TSA-002,2,"Ensure sufficient resources, to include trained staff and equipment",CPG1.0.1,4.B,All public-facing web domains have security.txt file conforming to RFC 9116 recommendations.,3,0.0,No Match
CAND-00787,TSA-003,2,Ensure identified security deficiencies have appropriate financial resources allocated,CPG1.0.1,4.A,"Maintain public, discoverable method for security researchers to notify organizations of vulnerabilities.",1,0.0137,No Match
CAND-00788,TSA-003,2,Ensure identified security deficiencies have appropriate financial resources allocated,CPG1.0.1,1.G,Contracts stipulate vendors notify organizations of security incidents within a risk-informed timeframe.,2,0.0133,No Match
CAND-00789,TSA-003,2,Ensure identified security deficiencies have appropriate financial resources allocated,CPG1.0.1,1.H,Contracts require vendors notify organizations of confirmed security vulnerabilities within a risk-informed timeframe.,3,0.0124,No Match
CAND-00790,TSA-004,2,Assign a qualified primary and alternate staff member to manage the corporate security program,CPG1.0.1,2.O,"Enable STARTTLS, SPF, DKIM, and DMARC set to ""reject"" on all corporate email infrastructure.",1,0.0343,No Match
CAND-00791,TSA-004,2,Assign a qualified primary and alternate staff member to manage the corporate security program,CPG1.0.1,4.A,"Maintain public, discoverable method for security researchers to notify organizations of vulnerabilities.",2,0.0122,No Match
CAND-00792,TSA-004,2,Assign a qualified primary and alternate staff member to manage the corporate security program,CPG1.0.1,1.G,Contracts stipulate vendors notify organizations of security incidents within a risk-informed timeframe.,3,0.0118,No Match
CAND-00793,TSA-005,2,"Develop and maintain a cyber/SCADA security plan, or incorporate measures in corporate plan",CPG1.0.1,5.A,"Develop, maintain, and execute plans to recover and restore mission-critical assets impacted by incidents.",1,0.0861,Related
CAND-00794,TSA-005,2,"Develop and maintain a cyber/SCADA security plan, or incorporate measures in corporate plan",CPG1.0.1,2.O,"Enable STARTTLS, SPF, DKIM, and DMARC set to ""reject"" on all corporate email infrastructure.",2,0.0361,No Match
CAND-00795,TSA-005,2,"Develop and maintain a cyber/SCADA security plan, or incorporate measures in corporate plan",CPG1.0.1,4.A,"Maintain public, discoverable method for security researchers to notify organizations of vulnerabilities.",3,0.0347,No Match
CAND-00796,TSA-006,2,Develop and maintain security elements within corporate incident response and recovery plan,CPG1.0.1,2.S,"Maintain, practice, and update IT and OT cybersecurity incident response plans for threat scenarios annually.",1,0.1305,Related
CAND-00797,TSA-006,2,Develop and maintain security elements within corporate incident response and recovery plan,CPG1.0.1,2.T,Collect access and security-focused logs for detection and incident response; notify when critical sources disable.,2,0.1124,Related
CAND-00798,TSA-006,2,Develop and maintain security elements within corporate incident response and recovery plan,CPG1.0.1,5.A,"Develop, maintain, and execute plans to recover and restore mission-critical assets impacted by incidents.",3,0.0963,Related
CAND-00799,TSA-007,2,Implement appropriate threat level protective measures upon NTAS receipt,CPG1.0.1,2.S,"Maintain, practice, and update IT and OT cybersecurity incident response plans for threat scenarios annually.",1,0.0418,No Match
CAND-00800,TSA-007,2,Implement appropriate threat level protective measures upon NTAS receipt,CPG1.0.1,2.K,"Implement MFA using strongest available method, prioritizing hardware-based phishing-resistant options.",2,0.0234,No Match
CAND-00801,TSA-007,2,Implement appropriate threat level protective measures upon NTAS receipt,CPG1.0.1,4.B,All public-facing web domains have security.txt file conforming to RFC 9116 recommendations.,3,0.0,No Match
CAND-00802,TSA-008,2,Notify TSA of security incidents meeting criteria in Appendix B by phone or email,CPG1.0.1,1.G,Contracts stipulate vendors notify organizations of security incidents within a risk-informed timeframe.,1,0.1403,Related
CAND-00803,TSA-008,2,Notify TSA of security incidents meeting criteria in Appendix B by phone or email,CPG1.0.1,4.A,"Maintain public, discoverable method for security researchers to notify organizations of vulnerabilities.",2,0.0562,No Match
CAND-00804,TSA-008,2,Notify TSA of security incidents meeting criteria in Appendix B by phone or email,CPG1.0.1,2.H,"Provide at least annual training covering phishing, email compromise, operational security, and password practices.",3,0.0554,No Match
CAND-00805,TSA-009,3.1,Identify the primary and alternate security manager responsible for executing plan,CPG1.0.1,1.A,A single leader is responsible and accountable for cybersecurity within an organization.,1,0.0663,No Match
CAND-00806,TSA-009,3.1,Identify the primary and alternate security manager responsible for executing plan,CPG1.0.1,1.C,A single leader is responsible and accountable for OT-specific cybersecurity within an organization.,2,0.0571,No Match
CAND-00807,TSA-009,3.1,Identify the primary and alternate security manager responsible for executing plan,CPG1.0.1,4.A,"Maintain public, discoverable method for security researchers to notify organizations of vulnerabilities.",3,0.014,No Match
CAND-00808,TSA-010,3.1,Document company's security-related policies and procedures,CPG1.0.1,3.A,"Document list of relevant threats and maintain ability to detect instances via rules, alerting, or prevention systems.",1,0.0357,No Match
CAND-00809,TSA-010,3.1,Document company's security-related policies and procedures,CPG1.0.1,2.V,Maintain policies preventing unauthorized media and hardware connection via USB disabling or port securing.,2,0.0323,No Match
CAND-00810,TSA-010,3.1,Document company's security-related policies and procedures,CPG1.0.1,4.A,"Maintain public, discoverable method for security researchers to notify organizations of vulnerabilities.",3,0.0179,No Match
CAND-00811,TSA-011,3.1,"Reference other company plans, policies and procedures such as insider threat",CPG1.0.1,2.S,"Maintain, practice, and update IT and OT cybersecurity incident response plans for threat scenarios annually.",1,0.0972,Related
CAND-00812,TSA-011,3.1,"Reference other company plans, policies and procedures such as insider threat",CPG1.0.1,5.A,"Develop, maintain, and execute plans to recover and restore mission-critical assets impacted by incidents.",2,0.0483,No Match
CAND-00813,TSA-011,3.1,"Reference other company plans, policies and procedures such as insider threat",CPG1.0.1,2.V,Maintain policies preventing unauthorized media and hardware connection via USB disabling or port securing.,3,0.0278,No Match
CAND-00814,TSA-012,3.1,"Be reviewed on an annual basis, and updated as required based on findings",CPG1.0.1,1.B,"Maintain regularly updated inventory of all organizational assets with IP addresses, including OT, updated monthly.",1,0.1078,Related
CAND-00815,TSA-012,3.1,"Be reviewed on an annual basis, and updated as required based on findings",CPG1.0.1,2.X,No OT assets on public internet unless explicitly required; exceptions documented with additional protections.,2,0.058,No Match
CAND-00816,TSA-012,3.1,"Be reviewed on an annual basis, and updated as required based on findings",CPG1.0.1,2.H,"Provide at least annual training covering phishing, email compromise, operational security, and password practices.",3,0.0524,No Match
CAND-00817,TSA-013,3.1,Be protected from unauthorized access based on company policy,CPG1.0.1,2.K,"Implement MFA using strongest available method, prioritizing hardware-based phishing-resistant options.",1,0.0522,No Match
CAND-00818,TSA-013,3.1,Be protected from unauthorized access based on company policy,CPG1.0.1,2.L,System-enforced policy disabling Microsoft Office macros by default on all devices.,2,0.0483,No Match
CAND-00819,TSA-013,3.1,Be protected from unauthorized access based on company policy,CPG1.0.1,2.B,Enforce system policy requiring minimum password length of 15+ characters for IT and OT assets.,3,0.0449,No Match
CAND-00820,TSA-014,3.1,Be provided to TSA for review upon request,CPG1.0.1,5.A,"Develop, maintain, and execute plans to recover and restore mission-critical assets impacted by incidents.",1,0.0,No Match
CAND-00821,TSA-014,3.1,Be provided to TSA for review upon request,CPG1.0.1,4.C,Maintain codified policy on reporting confirmed cybersecurity incidents to external entities and CISA.,2,0.0,No Match
CAND-00822,TSA-014,3.1,Be provided to TSA for review upon request,CPG1.0.1,4.B,All public-facing web domains have security.txt file conforming to RFC 9116 recommendations.,3,0.0,No Match
CAND-00823,TSA-015,4.2,"Conduct facility criticality assessments on a periodic basis, not to exceed 18 months",CPG1.0.1,2.P,Maintain accurate documentation of network topology across all IT and OT networks with periodic reviews.,1,0.0502,No Match
CAND-00824,TSA-015,4.2,"Conduct facility criticality assessments on a periodic basis, not to exceed 18 months",CPG1.0.1,5.A,"Develop, maintain, and execute plans to recover and restore mission-critical assets impacted by incidents.",2,0.0,No Match
CAND-00825,TSA-015,4.2,"Conduct facility criticality assessments on a periodic basis, not to exceed 18 months",CPG1.0.1,4.B,All public-facing web domains have security.txt file conforming to RFC 9116 recommendations.,3,0.0,No Match
CAND-00826,TSA-016,4.2,"Document the methodology used, and retain criticality assessment until no longer valid",CPG1.0.1,2.U,"Store logs in central system accessible only by authorized, authenticated users; retain per risk guidelines.",1,0.0342,No Match
CAND-00827,TSA-016,4.2,"Document the methodology used, and retain criticality assessment until no longer valid",CPG1.0.1,3.A,"Document list of relevant threats and maintain ability to detect instances via rules, alerting, or prevention systems.",2,0.0278,No Match
CAND-00828,TSA-016,4.2,"Document the methodology used, and retain criticality assessment until no longer valid",CPG1.0.1,4.C,Maintain codified policy on reporting confirmed cybersecurity incidents to external entities and CISA.,3,0.0,No Match
CAND-00829,TSA-017,4.2,Conduct an SVA for facilities determined to be critical,CPG1.0.1,2.M,Maintain accurate documentation of baseline and current configuration details of all critical IT and OT assets.,1,0.0385,No Match
CAND-00830,TSA-017,4.2,Conduct an SVA for facilities determined to be critical,CPG1.0.1,5.A,"Develop, maintain, and execute plans to recover and restore mission-critical assets impacted by incidents.",2,0.0362,No Match
CAND-00831,TSA-017,4.2,Conduct an SVA for facilities determined to be critical,CPG1.0.1,2.T,Collect access and security-focused logs for detection and incident response; notify when critical sources disable.,3,0.0351,No Match
CAND-00832,TSA-018,4.2,Maintain and secure the company's list of critical facilities,CPG1.0.1,3.A,"Document list of relevant threats and maintain ability to detect instances via rules, alerting, or prevention systems.",1,0.0914,Related
CAND-00833,TSA-018,4.2,Maintain and secure the company's list of critical facilities,CPG1.0.1,2.M,Maintain accurate documentation of baseline and current configuration details of all critical IT and OT assets.,2,0.0637,No Match
CAND-00834,TSA-018,4.2,Maintain and secure the company's list of critical facilities,CPG1.0.1,5.A,"Develop, maintain, and execute plans to recover and restore mission-critical assets impacted by incidents.",3,0.0599,No Match
CAND-00835,TSA-019,4.3,"Conduct an SVA on a periodic basis, not to exceed 36 months",CPG1.0.1,2.P,Maintain accurate documentation of network topology across all IT and OT networks with periodic reviews.,1,0.0596,No Match
CAND-00836,TSA-019,4.3,"Conduct an SVA on a periodic basis, not to exceed 36 months",CPG1.0.1,5.A,"Develop, maintain, and execute plans to recover and restore mission-critical assets impacted by incidents.",2,0.0,No Match
CAND-00837,TSA-019,4.3,"Conduct an SVA on a periodic basis, not to exceed 36 months",CPG1.0.1,4.B,All public-facing web domains have security.txt file conforming to RFC 9116 recommendations.,3,0.0,No Match
CAND-00838,TSA-020,4.3,Conduct SVA within 12 months after completion of significant enhancement,CPG1.0.1,5.A,"Develop, maintain, and execute plans to recover and restore mission-critical assets impacted by incidents.",1,0.0,No Match
CAND-00839,TSA-020,4.3,Conduct SVA within 12 months after completion of significant enhancement,CPG1.0.1,4.C,Maintain codified policy on reporting confirmed cybersecurity incidents to external entities and CISA.,2,0.0,No Match
CAND-00840,TSA-020,4.3,Conduct SVA within 12 months after completion of significant enhancement,CPG1.0.1,4.B,All public-facing web domains have security.txt file conforming to RFC 9116 recommendations.,3,0.0,No Match
CAND-00841,TSA-021,4.3,Conduct SVA for newly identified or constructed critical facilities within 12 months,CPG1.0.1,2.M,Maintain accurate documentation of baseline and current configuration details of all critical IT and OT assets.,1,0.0276,No Match
CAND-00842,TSA-021,4.3,Conduct SVA for newly identified or constructed critical facilities within 12 months,CPG1.0.1,5.A,"Develop, maintain, and execute plans to recover and restore mission-critical assets impacted by incidents.",2,0.0259,No Match
CAND-00843,TSA-021,4.3,Conduct SVA for newly identified or constructed critical facilities within 12 months,CPG1.0.1,2.T,Collect access and security-focused logs for detection and incident response; notify when critical sources disable.,3,0.0251,No Match
CAND-00844,TSA-022,4.3,Document findings from each assessment and retain until no longer valid,CPG1.0.1,2.U,"Store logs in central system accessible only by authorized, authenticated users; retain per risk guidelines.",1,0.0405,No Match
CAND-00845,TSA-022,4.3,Document findings from each assessment and retain until no longer valid,CPG1.0.1,3.A,"Document list of relevant threats and maintain ability to detect instances via rules, alerting, or prevention systems.",2,0.0329,No Match
CAND-00846,TSA-022,4.3,Document findings from each assessment and retain until no longer valid,CPG1.0.1,4.C,Maintain codified policy on reporting confirmed cybersecurity incidents to external entities and CISA.,3,0.0,No Match
CAND-00847,TSA-023,4.3,Implement appropriate SVA findings in timely fashion but no later than 24 months,CPG1.0.1,2.K,"Implement MFA using strongest available method, prioritizing hardware-based phishing-resistant options.",1,0.0223,No Match
CAND-00848,TSA-023,4.3,Implement appropriate SVA findings in timely fashion but no later than 24 months,CPG1.0.1,5.A,"Develop, maintain, and execute plans to recover and restore mission-critical assets impacted by incidents.",2,0.0,No Match
CAND-00849,TSA-023,4.3,Implement appropriate SVA findings in timely fashion but no later than 24 months,CPG1.0.1,4.B,All public-facing web domains have security.txt file conforming to RFC 9116 recommendations.,3,0.0,No Match
CAND-00850,TSA-024,4.3,Document assessment methodology and make available for TSA review upon request,CPG1.0.1,2.K,"Implement MFA using strongest available method, prioritizing hardware-based phishing-resistant options.",1,0.0404,No Match
CAND-00851,TSA-024,4.3,Document assessment methodology and make available for TSA review upon request,CPG1.0.1,3.A,"Document list of relevant threats and maintain ability to detect instances via rules, alerting, or prevention systems.",2,0.0284,No Match
CAND-00852,TSA-024,4.3,Document assessment methodology and make available for TSA review upon request,CPG1.0.1,4.C,Maintain codified policy on reporting confirmed cybersecurity incidents to external entities and CISA.,3,0.0,No Match
CAND-00853,TSA-025,5.2,Develop a written policy and procedure to identify critical facilities,CPG1.0.1,5.A,"Develop, maintain, and execute plans to recover and restore mission-critical assets impacted by incidents.",1,0.0578,No Match
CAND-00854,TSA-025,5.2,Develop a written policy and procedure to identify critical facilities,CPG1.0.1,2.L,System-enforced policy disabling Microsoft Office macros by default on all devices.,2,0.0448,No Match
CAND-00855,TSA-025,5.2,Develop a written policy and procedure to identify critical facilities,CPG1.0.1,2.B,Enforce system policy requiring minimum password length of 15+ characters for IT and OT assets.,3,0.0416,No Match
CAND-00856,TSA-026,6.2,Develop and implement baseline security measures at all facilities,CPG1.0.1,2.M,Maintain accurate documentation of baseline and current configuration details of all critical IT and OT assets.,1,0.0756,No Match
CAND-00857,TSA-026,6.2,Develop and implement baseline security measures at all facilities,CPG1.0.1,5.A,"Develop, maintain, and execute plans to recover and restore mission-critical assets impacted by incidents.",2,0.0344,No Match
CAND-00858,TSA-026,6.2,Develop and implement baseline security measures at all facilities,CPG1.0.1,2.K,"Implement MFA using strongest available method, prioritizing hardware-based phishing-resistant options.",3,0.0323,No Match
CAND-00859,TSA-027,6.2,Develop and implement both baseline and enhanced security measures at critical facilities,CPG1.0.1,2.M,Maintain accurate documentation of baseline and current configuration details of all critical IT and OT assets.,1,0.0962,Related
CAND-00860,TSA-027,6.2,Develop and implement both baseline and enhanced security measures at critical facilities,CPG1.0.1,5.A,"Develop, maintain, and execute plans to recover and restore mission-critical assets impacted by incidents.",2,0.0593,No Match
CAND-00861,TSA-027,6.2,Develop and implement both baseline and enhanced security measures at critical facilities,CPG1.0.1,2.T,Collect access and security-focused logs for detection and incident response; notify when critical sources disable.,3,0.0433,No Match
CAND-00862,TSA-028,6.3,"Develop, document, and implement site-specific security measures for critical facilities",CPG1.0.1,5.A,"Develop, maintain, and execute plans to recover and restore mission-critical assets impacted by incidents.",1,0.056,No Match
CAND-00863,TSA-028,6.3,"Develop, document, and implement site-specific security measures for critical facilities",CPG1.0.1,2.G,Log all unsuccessful logins and alert security teams after specific consecutive failed attempts occur.,2,0.0545,No Match
CAND-00864,TSA-028,6.3,"Develop, document, and implement site-specific security measures for critical facilities",CPG1.0.1,1.C,A single leader is responsible and accountable for OT-specific cybersecurity within an organization.,3,0.0534,No Match
CAND-00865,TSA-029,6.3,"Review site-specific security measures periodically, not to exceed 18 months",CPG1.0.1,2.G,Log all unsuccessful logins and alert security teams after specific consecutive failed attempts occur.,1,0.0508,No Match
CAND-00866,TSA-029,6.3,"Review site-specific security measures periodically, not to exceed 18 months",CPG1.0.1,1.C,A single leader is responsible and accountable for OT-specific cybersecurity within an organization.,2,0.0498,No Match
CAND-00867,TSA-029,6.3,"Review site-specific security measures periodically, not to exceed 18 months",CPG1.0.1,4.A,"Maintain public, discoverable method for security researchers to notify organizations of vulnerabilities.",3,0.0142,No Match
CAND-00868,TSA-030,T2,Employ measures to impede unauthorized access to facilities,CPG1.0.1,2.V,Maintain policies preventing unauthorized media and hardware connection via USB disabling or port securing.,1,0.0421,No Match
CAND-00869,TSA-030,T2,Employ measures to impede unauthorized access to facilities,CPG1.0.1,2.T,Collect access and security-focused logs for detection and incident response; notify when critical sources disable.,2,0.0339,No Match
CAND-00870,TSA-030,T2,Employ measures to impede unauthorized access to facilities,CPG1.0.1,2.D,Enforce administrative process by employee departure date revoking physical access and disabling user accounts.,3,0.0325,No Match
CAND-00871,TSA-031,T2,Create a security perimeter impeding unauthorized vehicles using barriers,CPG1.0.1,2.K,"Implement MFA using strongest available method, prioritizing hardware-based phishing-resistant options.",1,0.0418,No Match
CAND-00872,TSA-031,T2,Create a security perimeter impeding unauthorized vehicles using barriers,CPG1.0.1,2.V,Maintain policies preventing unauthorized media and hardware connection via USB disabling or port securing.,2,0.0317,No Match
CAND-00873,TSA-031,T2,Create a security perimeter impeding unauthorized vehicles using barriers,CPG1.0.1,4.A,"Maintain public, discoverable method for security researchers to notify organizations of vulnerabilities.",3,0.0136,No Match
CAND-00874,TSA-032,T2,Maintain fences without gaps around gates or underneath fence line,CPG1.0.1,4.A,"Maintain public, discoverable method for security researchers to notify organizations of vulnerabilities.",1,0.0244,No Match
CAND-00875,TSA-032,T2,Maintain fences without gaps around gates or underneath fence line,CPG1.0.1,2.P,Maintain accurate documentation of network topology across all IT and OT networks with periodic reviews.,2,0.024,No Match
CAND-00876,TSA-032,T2,Maintain fences without gaps around gates or underneath fence line,CPG1.0.1,2.M,Maintain accurate documentation of baseline and current configuration details of all critical IT and OT assets.,3,0.0232,No Match
CAND-00877,TSA-033,T2,"Ensure clear zone several feet on either side of fence, free of obstructions",CPG1.0.1,5.A,"Develop, maintain, and execute plans to recover and restore mission-critical assets impacted by incidents.",1,0.0,No Match
CAND-00878,TSA-033,T2,"Ensure clear zone several feet on either side of fence, free of obstructions",CPG1.0.1,4.C,Maintain codified policy on reporting confirmed cybersecurity incidents to external entities and CISA.,2,0.0,No Match
CAND-00879,TSA-033,T2,"Ensure clear zone several feet on either side of fence, free of obstructions",CPG1.0.1,4.B,All public-facing web domains have security.txt file conforming to RFC 9116 recommendations.,3,0.0,No Match
CAND-00880,TSA-034,T2,Employ measures to impede unauthorized persons from gaining facility access,CPG1.0.1,2.V,Maintain policies preventing unauthorized media and hardware connection via USB disabling or port securing.,1,0.0334,No Match
CAND-00881,TSA-034,T2,Employ measures to impede unauthorized persons from gaining facility access,CPG1.0.1,2.T,Collect access and security-focused logs for detection and incident response; notify when critical sources disable.,2,0.0269,No Match
CAND-00882,TSA-034,T2,Employ measures to impede unauthorized persons from gaining facility access,CPG1.0.1,2.D,Enforce administrative process by employee departure date revoking physical access and disabling user accounts.,3,0.0258,No Match
CAND-00883,TSA-035,T2,Implement procedures for controlling access to facility and restricted areas,CPG1.0.1,2.T,Collect access and security-focused logs for detection and incident response; notify when critical sources disable.,1,0.0283,No Match
CAND-00884,TSA-035,T2,Implement procedures for controlling access to facility and restricted areas,CPG1.0.1,2.D,Enforce administrative process by employee departure date revoking physical access and disabling user accounts.,2,0.0272,No Match
CAND-00885,TSA-035,T2,Implement procedures for controlling access to facility and restricted areas,CPG1.0.1,2.K,"Implement MFA using strongest available method, prioritizing hardware-based phishing-resistant options.",3,0.0256,No Match
CAND-00886,TSA-036,T2,Close and secure perimeter gates or entrances when not in use,CPG1.0.1,5.A,"Develop, maintain, and execute plans to recover and restore mission-critical assets impacted by incidents.",1,0.0,No Match
CAND-00887,TSA-036,T2,Close and secure perimeter gates or entrances when not in use,CPG1.0.1,4.C,Maintain codified policy on reporting confirmed cybersecurity incidents to external entities and CISA.,2,0.0,No Match
CAND-00888,TSA-036,T2,Close and secure perimeter gates or entrances when not in use,CPG1.0.1,4.B,All public-facing web domains have security.txt file conforming to RFC 9116 recommendations.,3,0.0,No Match
CAND-00889,TSA-037,T2,Post 'No Trespassing' or 'Authorized Personnel Only' signs at visible intervals,CPG1.0.1,2.N,"Sensitive data and credentials not stored in plaintext; accessible only by authenticated, authorized users.",1,0.0551,No Match
CAND-00890,TSA-037,T2,Post 'No Trespassing' or 'Authorized Personnel Only' signs at visible intervals,CPG1.0.1,2.U,"Store logs in central system accessible only by authorized, authenticated users; retain per risk guidelines.",2,0.0533,No Match
CAND-00891,TSA-037,T2,Post 'No Trespassing' or 'Authorized Personnel Only' signs at visible intervals,CPG1.0.1,2.I,Personnel securing OT receive specialized OT-focused cybersecurity training at least annually.,3,0.0393,No Match
CAND-00892,TSA-038,T2,Install and maintain gates of equivalent quality to attached barrier,CPG1.0.1,4.A,"Maintain public, discoverable method for security researchers to notify organizations of vulnerabilities.",1,0.0244,No Match
CAND-00893,TSA-038,T2,Install and maintain gates of equivalent quality to attached barrier,CPG1.0.1,2.P,Maintain accurate documentation of network topology across all IT and OT networks with periodic reviews.,2,0.024,No Match
CAND-00894,TSA-038,T2,Install and maintain gates of equivalent quality to attached barrier,CPG1.0.1,2.M,Maintain accurate documentation of baseline and current configuration details of all critical IT and OT assets.,3,0.0232,No Match
CAND-00895,TSA-039,T2,"Establish and document key control procedures for issuance, tracking, collection",CPG1.0.1,3.A,"Document list of relevant threats and maintain ability to detect instances via rules, alerting, or prevention systems.",1,0.0276,No Match
CAND-00896,TSA-039,T2,"Establish and document key control procedures for issuance, tracking, collection",CPG1.0.1,5.A,"Develop, maintain, and execute plans to recover and restore mission-critical assets impacted by incidents.",2,0.0,No Match
CAND-00897,TSA-039,T2,"Establish and document key control procedures for issuance, tracking, collection",CPG1.0.1,4.C,Maintain codified policy on reporting confirmed cybersecurity incidents to external entities and CISA.,3,0.0,No Match
CAND-00898,TSA-040,T2,Use patent keys to prevent unauthorized duplication,CPG1.0.1,2.V,Maintain policies preventing unauthorized media and hardware connection via USB disabling or port securing.,1,0.0362,No Match
CAND-00899,TSA-040,T2,Use patent keys to prevent unauthorized duplication,CPG1.0.1,5.A,"Develop, maintain, and execute plans to recover and restore mission-critical assets impacted by incidents.",2,0.0,No Match
CAND-00900,TSA-040,T2,Use patent keys to prevent unauthorized duplication,CPG1.0.1,4.B,All public-facing web domains have security.txt file conforming to RFC 9116 recommendations.,3,0.0,No Match
CAND-00901,TSA-041,T2,Conduct key inventories every 24 months,CPG1.0.1,5.A,"Develop, maintain, and execute plans to recover and restore mission-critical assets impacted by incidents.",1,0.0,No Match
CAND-00902,TSA-041,T2,Conduct key inventories every 24 months,CPG1.0.1,4.C,Maintain codified policy on reporting confirmed cybersecurity incidents to external entities and CISA.,2,0.0,No Match
CAND-00903,TSA-041,T2,Conduct key inventories every 24 months,CPG1.0.1,4.B,All public-facing web domains have security.txt file conforming to RFC 9116 recommendations.,3,0.0,No Match
CAND-00904,TSA-042,T2,Provide sufficient illumination for recognition of intrusion into perimeter,CPG1.0.1,2.H,"Provide at least annual training covering phishing, email compromise, operational security, and password practices.",1,0.0418,No Match
CAND-00905,TSA-042,T2,Provide sufficient illumination for recognition of intrusion into perimeter,CPG1.0.1,5.A,"Develop, maintain, and execute plans to recover and restore mission-critical assets impacted by incidents.",2,0.0,No Match
CAND-00906,TSA-042,T2,Provide sufficient illumination for recognition of intrusion into perimeter,CPG1.0.1,4.B,All public-facing web domains have security.txt file conforming to RFC 9116 recommendations.,3,0.0,No Match
CAND-00907,TSA-043,T2,"Provide critical facilities with security measures to monitor, detect unauthorized access",CPG1.0.1,2.T,Collect access and security-focused logs for detection and incident response; notify when critical sources disable.,1,0.0676,No Match
CAND-00908,TSA-043,T2,"Provide critical facilities with security measures to monitor, detect unauthorized access",CPG1.0.1,2.H,"Provide at least annual training covering phishing, email compromise, operational security, and password practices.",2,0.0523,No Match
CAND-00909,TSA-043,T2,"Provide critical facilities with security measures to monitor, detect unauthorized access",CPG1.0.1,3.A,"Document list of relevant threats and maintain ability to detect instances via rules, alerting, or prevention systems.",3,0.05,No Match
CAND-00910,TSA-044,T2,Develop identification and badging policies and procedures for secure area personnel,CPG1.0.1,2.I,Personnel securing OT receive specialized OT-focused cybersecurity training at least annually.,1,0.04,No Match
CAND-00911,TSA-044,T2,Develop identification and badging policies and procedures for secure area personnel,CPG1.0.1,1.D,Organizations sponsor at least one social gathering annually focused on strengthening relationships between IT and OT security personnel.,2,0.0381,No Match
CAND-00912,TSA-044,T2,Develop identification and badging policies and procedures for secure area personnel,CPG1.0.1,5.A,"Develop, maintain, and execute plans to recover and restore mission-critical assets impacted by incidents.",3,0.0259,No Match
CAND-00913,TSA-045,T2,"Ensure company or vendor identification available for examination, visibly displayed",CPG1.0.1,1.I,Procurement documents include cybersecurity requirements evaluated during vendor selection.,1,0.0634,No Match
CAND-00914,TSA-045,T2,"Ensure company or vendor identification available for examination, visibly displayed",CPG1.0.1,2.K,"Implement MFA using strongest available method, prioritizing hardware-based phishing-resistant options.",2,0.0382,No Match
CAND-00915,TSA-045,T2,"Ensure company or vendor identification available for examination, visibly displayed",CPG1.0.1,4.B,All public-facing web domains have security.txt file conforming to RFC 9116 recommendations.,3,0.0,No Match
CAND-00916,TSA-046,T2,"Ensure identification cards are secure from tampering, contain photograph and name",CPG1.0.1,5.A,"Develop, maintain, and execute plans to recover and restore mission-critical assets impacted by incidents.",1,0.0,No Match
CAND-00917,TSA-046,T2,"Ensure identification cards are secure from tampering, contain photograph and name",CPG1.0.1,4.C,Maintain codified policy on reporting confirmed cybersecurity incidents to external entities and CISA.,2,0.0,No Match
CAND-00918,TSA-046,T2,"Ensure identification cards are secure from tampering, contain photograph and name",CPG1.0.1,4.B,All public-facing web domains have security.txt file conforming to RFC 9116 recommendations.,3,0.0,No Match
CAND-00919,TSA-047,T2,Establish policies and procedures for applicant pre-employment screening,CPG1.0.1,2.V,Maintain policies preventing unauthorized media and hardware connection via USB disabling or port securing.,1,0.0278,No Match
CAND-00920,TSA-047,T2,Establish policies and procedures for applicant pre-employment screening,CPG1.0.1,5.A,"Develop, maintain, and execute plans to recover and restore mission-critical assets impacted by incidents.",2,0.0,No Match
CAND-00921,TSA-047,T2,Establish policies and procedures for applicant pre-employment screening,CPG1.0.1,4.B,All public-facing web domains have security.txt file conforming to RFC 9116 recommendations.,3,0.0,No Match
CAND-00922,TSA-048,T2,Conduct pre-employment background investigations for positions with unescorted control access,CPG1.0.1,2.T,Collect access and security-focused logs for detection and incident response; notify when critical sources disable.,1,0.0246,No Match
CAND-00923,TSA-048,T2,Conduct pre-employment background investigations for positions with unescorted control access,CPG1.0.1,2.D,Enforce administrative process by employee departure date revoking physical access and disabling user accounts.,2,0.0236,No Match
CAND-00924,TSA-048,T2,Conduct pre-employment background investigations for positions with unescorted control access,CPG1.0.1,4.B,All public-facing web domains have security.txt file conforming to RFC 9116 recommendations.,3,0.0,No Match
CAND-00925,TSA-049,T2,"At minimum, investigations should verify identity, check criminal history, verify work authorization",CPG1.0.1,2.B,Enforce system policy requiring minimum password length of 15+ characters for IT and OT assets.,1,0.0482,No Match
CAND-00926,TSA-049,T2,"At minimum, investigations should verify identity, check criminal history, verify work authorization",CPG1.0.1,5.A,"Develop, maintain, and execute plans to recover and restore mission-critical assets impacted by incidents.",2,0.0,No Match
CAND-00927,TSA-049,T2,"At minimum, investigations should verify identity, check criminal history, verify work authorization",CPG1.0.1,4.B,All public-facing web domains have security.txt file conforming to RFC 9116 recommendations.,3,0.0,No Match
CAND-00928,TSA-050,T2,Verify contractors have background investigation policies at least as rigorous,CPG1.0.1,2.V,Maintain policies preventing unauthorized media and hardware connection via USB disabling or port securing.,1,0.0281,No Match
CAND-00929,TSA-050,T2,Verify contractors have background investigation policies at least as rigorous,CPG1.0.1,5.A,"Develop, maintain, and execute plans to recover and restore mission-critical assets impacted by incidents.",2,0.0,No Match
CAND-00930,TSA-050,T2,Verify contractors have background investigation policies at least as rigorous,CPG1.0.1,4.B,All public-facing web domains have security.txt file conforming to RFC 9116 recommendations.,3,0.0,No Match
CAND-00931,TSA-051,T2,"Conduct recurring background investigations, not to exceed 10 years, for security positions",CPG1.0.1,4.A,"Maintain public, discoverable method for security researchers to notify organizations of vulnerabilities.",1,0.013,No Match
CAND-00932,TSA-051,T2,"Conduct recurring background investigations, not to exceed 10 years, for security positions",CPG1.0.1,1.G,Contracts stipulate vendors notify organizations of security incidents within a risk-informed timeframe.,2,0.0127,No Match
CAND-00933,TSA-051,T2,"Conduct recurring background investigations, not to exceed 10 years, for security positions",CPG1.0.1,1.H,Contracts require vendors notify organizations of confirmed security vulnerabilities within a risk-informed timeframe.,3,0.0118,No Match
CAND-00934,TSA-052,T2,Develop and implement maintenance program ensuring security systems in good working order,CPG1.0.1,2.R,Regularly backup all systems necessary for operations at least annually; store separately and test annually.,1,0.0372,No Match
CAND-00935,TSA-052,T2,Develop and implement maintenance program ensuring security systems in good working order,CPG1.0.1,1.E,All known exploited vulnerabilities in internet-facing systems are patched or mitigated within a risk-informed timeframe.,2,0.037,No Match
CAND-00936,TSA-052,T2,Develop and implement maintenance program ensuring security systems in good working order,CPG1.0.1,3.A,"Document list of relevant threats and maintain ability to detect instances via rules, alerting, or prevention systems.",3,0.0347,No Match
CAND-00937,TSA-053,T2,"Through routine use or quarterly exam, verify proper operation of all security equipment",CPG1.0.1,4.A,"Maintain public, discoverable method for security researchers to notify organizations of vulnerabilities.",1,0.0126,No Match
CAND-00938,TSA-053,T2,"Through routine use or quarterly exam, verify proper operation of all security equipment",CPG1.0.1,1.G,Contracts stipulate vendors notify organizations of security incidents within a risk-informed timeframe.,2,0.0122,No Match
CAND-00939,TSA-053,T2,"Through routine use or quarterly exam, verify proper operation of all security equipment",CPG1.0.1,1.H,Contracts require vendors notify organizations of confirmed security vulnerabilities within a risk-informed timeframe.,3,0.0114,No Match
CAND-00940,TSA-054,T2,Identify and respond to security equipment malfunctions or failures in timely manner,CPG1.0.1,4.A,"Maintain public, discoverable method for security researchers to notify organizations of vulnerabilities.",1,0.0138,No Match
CAND-00941,TSA-054,T2,Identify and respond to security equipment malfunctions or failures in timely manner,CPG1.0.1,1.G,Contracts stipulate vendors notify organizations of security incidents within a risk-informed timeframe.,2,0.0134,No Match
CAND-00942,TSA-054,T2,Identify and respond to security equipment malfunctions or failures in timely manner,CPG1.0.1,1.H,Contracts require vendors notify organizations of confirmed security vulnerabilities within a risk-informed timeframe.,3,0.0125,No Match
CAND-00943,TSA-055,T2,Provide equivalent protective security measures during power outages or equipment failure,CPG1.0.1,2.H,"Provide at least annual training covering phishing, email compromise, operational security, and password practices.",1,0.0462,No Match
CAND-00944,TSA-055,T2,Provide equivalent protective security measures during power outages or equipment failure,CPG1.0.1,4.A,"Maintain public, discoverable method for security researchers to notify organizations of vulnerabilities.",2,0.0131,No Match
CAND-00945,TSA-055,T2,Provide equivalent protective security measures during power outages or equipment failure,CPG1.0.1,1.G,Contracts stipulate vendors notify organizations of security incidents within a risk-informed timeframe.,3,0.0127,No Match
CAND-00946,TSA-056,T2,"Integrate security risk mitigation measures during design, construction, renovation",CPG1.0.1,1.G,Contracts stipulate vendors notify organizations of security incidents within a risk-informed timeframe.,1,0.0565,No Match
CAND-00947,TSA-056,T2,"Integrate security risk mitigation measures during design, construction, renovation",CPG1.0.1,1.H,Contracts require vendors notify organizations of confirmed security vulnerabilities within a risk-informed timeframe.,2,0.0527,No Match
CAND-00948,TSA-056,T2,"Integrate security risk mitigation measures during design, construction, renovation",CPG1.0.1,2.U,"Store logs in central system accessible only by authorized, authenticated users; retain per risk guidelines.",3,0.0402,No Match
CAND-00949,TSA-057,T2,Update facility SVA within 12 months following significant modifications,CPG1.0.1,2.S,"Maintain, practice, and update IT and OT cybersecurity incident response plans for threat scenarios annually.",1,0.0497,No Match
CAND-00950,TSA-057,T2,Update facility SVA within 12 months following significant modifications,CPG1.0.1,5.A,"Develop, maintain, and execute plans to recover and restore mission-critical assets impacted by incidents.",2,0.0,No Match
CAND-00951,TSA-057,T2,Update facility SVA within 12 months following significant modifications,CPG1.0.1,4.B,All public-facing web domains have security.txt file conforming to RFC 9116 recommendations.,3,0.0,No Match
CAND-00952,TSA-058,T2,Develop internal and external notification requirements and procedures,CPG1.0.1,1.I,Procurement documents include cybersecurity requirements evaluated during vendor selection.,1,0.0757,No Match
CAND-00953,TSA-058,T2,Develop internal and external notification requirements and procedures,CPG1.0.1,4.C,Maintain codified policy on reporting confirmed cybersecurity incidents to external entities and CISA.,2,0.0696,No Match
CAND-00954,TSA-058,T2,Develop internal and external notification requirements and procedures,CPG1.0.1,5.A,"Develop, maintain, and execute plans to recover and restore mission-critical assets impacted by incidents.",3,0.029,No Match
CAND-00955,TSA-059,T2,Document and periodically update contact and communication information,CPG1.0.1,2.S,"Maintain, practice, and update IT and OT cybersecurity incident response plans for threat scenarios annually.",1,0.0574,No Match
CAND-00956,TSA-059,T2,Document and periodically update contact and communication information,CPG1.0.1,3.A,"Document list of relevant threats and maintain ability to detect instances via rules, alerting, or prevention systems.",2,0.0324,No Match
CAND-00957,TSA-059,T2,Document and periodically update contact and communication information,CPG1.0.1,4.C,Maintain codified policy on reporting confirmed cybersecurity incidents to external entities and CISA.,3,0.0,No Match
CAND-00958,TSA-060,T2,Ensure primary and alternate communication capabilities exist for reporting events,CPG1.0.1,4.C,Maintain codified policy on reporting confirmed cybersecurity incidents to external entities and CISA.,1,0.0522,No Match
CAND-00959,TSA-060,T2,Ensure primary and alternate communication capabilities exist for reporting events,CPG1.0.1,5.A,"Develop, maintain, and execute plans to recover and restore mission-critical assets impacted by incidents.",2,0.0,No Match
CAND-00960,TSA-060,T2,Ensure primary and alternate communication capabilities exist for reporting events,CPG1.0.1,4.B,All public-facing web domains have security.txt file conforming to RFC 9116 recommendations.,3,0.0,No Match
CAND-00961,TSA-061,T2,"Establish defined process for receiving, handling, disseminating security information",CPG1.0.1,2.D,Enforce administrative process by employee departure date revoking physical access and disabling user accounts.,1,0.0406,No Match
CAND-00962,TSA-061,T2,"Establish defined process for receiving, handling, disseminating security information",CPG1.0.1,4.A,"Maintain public, discoverable method for security researchers to notify organizations of vulnerabilities.",2,0.014,No Match
CAND-00963,TSA-061,T2,"Establish defined process for receiving, handling, disseminating security information",CPG1.0.1,1.G,Contracts stipulate vendors notify organizations of security incidents within a risk-informed timeframe.,3,0.0136,No Match
CAND-00964,TSA-062,T2,"Provide security awareness briefings including incident recognition upon hiring, every 3 years",CPG1.0.1,2.H,"Provide at least annual training covering phishing, email compromise, operational security, and password practices.",1,0.0468,No Match
CAND-00965,TSA-062,T2,"Provide security awareness briefings including incident recognition upon hiring, every 3 years",CPG1.0.1,2.T,Collect access and security-focused logs for detection and incident response; notify when critical sources disable.,2,0.0398,No Match
CAND-00966,TSA-062,T2,"Provide security awareness briefings including incident recognition upon hiring, every 3 years",CPG1.0.1,1.B,"Maintain regularly updated inventory of all organizational assets with IP addresses, including OT, updated monthly.",3,0.0344,No Match
CAND-00967,TSA-063,T2,Provide security training including incident response to assigned security personnel,CPG1.0.1,2.T,Collect access and security-focused logs for detection and incident response; notify when critical sources disable.,1,0.1248,Related
CAND-00968,TSA-063,T2,Provide security training including incident response to assigned security personnel,CPG1.0.1,1.D,Organizations sponsor at least one social gathering annually focused on strengthening relationships between IT and OT security personnel.,2,0.1215,Related
CAND-00969,TSA-063,T2,Provide security training including incident response to assigned security personnel,CPG1.0.1,2.S,"Maintain, practice, and update IT and OT cybersecurity incident response plans for threat scenarios annually.",3,0.1076,Related
CAND-00970,TSA-064,T2,Document security training and maintain records per company retention policy,CPG1.0.1,4.C,Maintain codified policy on reporting confirmed cybersecurity incidents to external entities and CISA.,1,0.0622,No Match
CAND-00971,TSA-064,T2,Document security training and maintain records per company retention policy,CPG1.0.1,2.H,"Provide at least annual training covering phishing, email compromise, operational security, and password practices.",2,0.0521,No Match
CAND-00972,TSA-064,T2,Document security training and maintain records per company retention policy,CPG1.0.1,3.A,"Document list of relevant threats and maintain ability to detect instances via rules, alerting, or prevention systems.",3,0.0498,No Match
CAND-00973,TSA-065,T2,"Conduct periodic security drills or exercises, including announced/unannounced tests",CPG1.0.1,1.F,"Third parties regularly validate cybersecurity defenses through penetration tests, bug bounties, or incident simulations.",1,0.052,No Match
CAND-00974,TSA-065,T2,"Conduct periodic security drills or exercises, including announced/unannounced tests",CPG1.0.1,2.P,Maintain accurate documentation of network topology across all IT and OT networks with periodic reviews.,2,0.0484,No Match
CAND-00975,TSA-065,T2,"Conduct periodic security drills or exercises, including announced/unannounced tests",CPG1.0.1,1.B,"Maintain regularly updated inventory of all organizational assets with IP addresses, including OT, updated monthly.",3,0.0337,No Match
CAND-00976,TSA-066,T2,Conduct or participate in annual security drill or exercise,CPG1.0.1,2.H,"Provide at least annual training covering phishing, email compromise, operational security, and password practices.",1,0.074,No Match
CAND-00977,TSA-066,T2,Conduct or participate in annual security drill or exercise,CPG1.0.1,4.A,"Maintain public, discoverable method for security researchers to notify organizations of vulnerabilities.",2,0.0164,No Match
CAND-00978,TSA-066,T2,Conduct or participate in annual security drill or exercise,CPG1.0.1,1.G,Contracts stipulate vendors notify organizations of security incidents within a risk-informed timeframe.,3,0.0159,No Match
CAND-00979,TSA-067,T2,Develop and implement written post-event report assessing drills and documenting corrections,CPG1.0.1,5.A,"Develop, maintain, and execute plans to recover and restore mission-critical assets impacted by incidents.",1,0.0217,No Match
CAND-00980,TSA-067,T2,Develop and implement written post-event report assessing drills and documenting corrections,CPG1.0.1,2.K,"Implement MFA using strongest available method, prioritizing hardware-based phishing-resistant options.",2,0.0204,No Match
CAND-00981,TSA-067,T2,Develop and implement written post-event report assessing drills and documenting corrections,CPG1.0.1,4.B,All public-facing web domains have security.txt file conforming to RFC 9116 recommendations.,3,0.0,No Match
CAND-00982,TSA-068,T2,Implement procedures for responding to security incidents or emergencies,CPG1.0.1,1.G,Contracts stipulate vendors notify organizations of security incidents within a risk-informed timeframe.,1,0.1291,Related
CAND-00983,TSA-068,T2,Implement procedures for responding to security incidents or emergencies,CPG1.0.1,4.C,Maintain codified policy on reporting confirmed cybersecurity incidents to external entities and CISA.,2,0.0459,No Match
CAND-00984,TSA-068,T2,Implement procedures for responding to security incidents or emergencies,CPG1.0.1,5.A,"Develop, maintain, and execute plans to recover and restore mission-critical assets impacted by incidents.",3,0.0445,No Match
CAND-00985,TSA-069,T2,Post bomb threat checklists by telephones at staffed facilities,CPG1.0.1,2.S,"Maintain, practice, and update IT and OT cybersecurity incident response plans for threat scenarios annually.",1,0.0434,No Match
CAND-00986,TSA-069,T2,Post bomb threat checklists by telephones at staffed facilities,CPG1.0.1,5.A,"Develop, maintain, and execute plans to recover and restore mission-critical assets impacted by incidents.",2,0.0,No Match
CAND-00987,TSA-069,T2,Post bomb threat checklists by telephones at staffed facilities,CPG1.0.1,4.B,All public-facing web domains have security.txt file conforming to RFC 9116 recommendations.,3,0.0,No Match
CAND-00988,TSA-070,T2,Develop and document recordkeeping policies and procedures for security information,CPG1.0.1,3.A,"Document list of relevant threats and maintain ability to detect instances via rules, alerting, or prevention systems.",1,0.0336,No Match
CAND-00989,TSA-070,T2,Develop and document recordkeeping policies and procedures for security information,CPG1.0.1,5.A,"Develop, maintain, and execute plans to recover and restore mission-critical assets impacted by incidents.",2,0.0304,No Match
CAND-00990,TSA-070,T2,Develop and document recordkeeping policies and procedures for security information,CPG1.0.1,2.V,Maintain policies preventing unauthorized media and hardware connection via USB disabling or port securing.,3,0.0303,No Match
CAND-00991,TSA-071,T2,Retain corporate security plan until superseded or replaced,CPG1.0.1,2.O,"Enable STARTTLS, SPF, DKIM, and DMARC set to ""reject"" on all corporate email infrastructure.",1,0.0519,No Match
CAND-00992,TSA-071,T2,Retain corporate security plan until superseded or replaced,CPG1.0.1,2.U,"Store logs in central system accessible only by authorized, authenticated users; retain per risk guidelines.",2,0.0452,No Match
CAND-00993,TSA-071,T2,Retain corporate security plan until superseded or replaced,CPG1.0.1,4.A,"Maintain public, discoverable method for security researchers to notify organizations of vulnerabilities.",3,0.0184,No Match
CAND-00994,TSA-072,T2,Retain criticality assessment documents until superseded or replaced,CPG1.0.1,1.I,Procurement documents include cybersecurity requirements evaluated during vendor selection.,1,0.0808,Related
CAND-00995,TSA-072,T2,Retain criticality assessment documents until superseded or replaced,CPG1.0.1,2.U,"Store logs in central system accessible only by authorized, authenticated users; retain per risk guidelines.",2,0.0421,No Match
CAND-00996,TSA-072,T2,Retain criticality assessment documents until superseded or replaced,CPG1.0.1,4.B,All public-facing web domains have security.txt file conforming to RFC 9116 recommendations.,3,0.0,No Match
CAND-00997,TSA-073,T2,Retain training records until superseded or replaced,CPG1.0.1,2.I,Personnel securing OT receive specialized OT-focused cybersecurity training at least annually.,1,0.0533,No Match
CAND-00998,TSA-073,T2,Retain training records until superseded or replaced,CPG1.0.1,2.H,"Provide at least annual training covering phishing, email compromise, operational security, and password practices.",2,0.0509,No Match
CAND-00999,TSA-073,T2,Retain training records until superseded or replaced,CPG1.0.1,2.U,"Store logs in central system accessible only by authorized, authenticated users; retain per risk guidelines.",3,0.047,No Match
CAND-01000,TSA-074,T2,Retain security drill reports until superseded or replaced,CPG1.0.1,2.U,"Store logs in central system accessible only by authorized, authenticated users; retain per risk guidelines.",1,0.0422,No Match
CAND-01001,TSA-074,T2,Retain security drill reports until superseded or replaced,CPG1.0.1,4.A,"Maintain public, discoverable method for security researchers to notify organizations of vulnerabilities.",2,0.0172,No Match
CAND-01002,TSA-074,T2,Retain security drill reports until superseded or replaced,CPG1.0.1,1.G,Contracts stipulate vendors notify organizations of security incidents within a risk-informed timeframe.,3,0.0167,No Match
CAND-01003,TSA-075,T2,Retain SVAs until superseded or replaced for critical facilities,CPG1.0.1,2.U,"Store logs in central system accessible only by authorized, authenticated users; retain per risk guidelines.",1,0.0442,No Match
CAND-01004,TSA-075,T2,Retain SVAs until superseded or replaced for critical facilities,CPG1.0.1,2.M,Maintain accurate documentation of baseline and current configuration details of all critical IT and OT assets.,2,0.0358,No Match
CAND-01005,TSA-075,T2,Retain SVAs until superseded or replaced for critical facilities,CPG1.0.1,5.A,"Develop, maintain, and execute plans to recover and restore mission-critical assets impacted by incidents.",3,0.0337,No Match
CAND-01006,TSA-076,T2,Retain site-specific measures until superseded or replaced for critical facilities,CPG1.0.1,1.C,A single leader is responsible and accountable for OT-specific cybersecurity within an organization.,1,0.0545,No Match
CAND-01007,TSA-076,T2,Retain site-specific measures until superseded or replaced for critical facilities,CPG1.0.1,2.G,Log all unsuccessful logins and alert security teams after specific consecutive failed attempts occur.,2,0.0425,No Match
CAND-01008,TSA-076,T2,Retain site-specific measures until superseded or replaced for critical facilities,CPG1.0.1,2.U,"Store logs in central system accessible only by authorized, authenticated users; retain per risk guidelines.",3,0.0382,No Match
CAND-01009,TSA-077,T2,Make security information records available to TSA upon request,CPG1.0.1,2.K,"Implement MFA using strongest available method, prioritizing hardware-based phishing-resistant options.",1,0.0438,No Match
CAND-01010,TSA-077,T2,Make security information records available to TSA upon request,CPG1.0.1,4.A,"Maintain public, discoverable method for security researchers to notify organizations of vulnerabilities.",2,0.0155,No Match
CAND-01011,TSA-077,T2,Make security information records available to TSA upon request,CPG1.0.1,1.G,Contracts stipulate vendors notify organizations of security incidents within a risk-informed timeframe.,3,0.015,No Match
CAND-01012,TSA-078,T2,Conduct outreach to nearby law enforcement agencies,CPG1.0.1,5.A,"Develop, maintain, and execute plans to recover and restore mission-critical assets impacted by incidents.",1,0.0,No Match
CAND-01013,TSA-078,T2,Conduct outreach to nearby law enforcement agencies,CPG1.0.1,4.C,Maintain codified policy on reporting confirmed cybersecurity incidents to external entities and CISA.,2,0.0,No Match
CAND-01014,TSA-078,T2,Conduct outreach to nearby law enforcement agencies,CPG1.0.1,4.B,All public-facing web domains have security.txt file conforming to RFC 9116 recommendations.,3,0.0,No Match
CAND-01015,TSA-079,T2,Conduct outreach to neighboring businesses to coordinate security efforts,CPG1.0.1,4.A,"Maintain public, discoverable method for security researchers to notify organizations of vulnerabilities.",1,0.015,No Match
CAND-01016,TSA-079,T2,Conduct outreach to neighboring businesses to coordinate security efforts,CPG1.0.1,1.G,Contracts stipulate vendors notify organizations of security incidents within a risk-informed timeframe.,2,0.0146,No Match
CAND-01017,TSA-079,T2,Conduct outreach to neighboring businesses to coordinate security efforts,CPG1.0.1,1.H,Contracts require vendors notify organizations of confirmed security vulnerabilities within a risk-informed timeframe.,3,0.0136,No Match
CAND-01018,TSA-080,T2,Conduct outreach to neighboring residences for facility security awareness,CPG1.0.1,4.A,"Maintain public, discoverable method for security researchers to notify organizations of vulnerabilities.",1,0.0156,No Match
CAND-01019,TSA-080,T2,Conduct outreach to neighboring residences for facility security awareness,CPG1.0.1,1.G,Contracts stipulate vendors notify organizations of security incidents within a risk-informed timeframe.,2,0.0151,No Match
CAND-01020,TSA-080,T2,Conduct outreach to neighboring residences for facility security awareness,CPG1.0.1,1.H,Contracts require vendors notify organizations of confirmed security vulnerabilities within a risk-informed timeframe.,3,0.0141,No Match
CAND-01021,TSA-081,7.2,Evaluate pipeline cyber assets and classify as critical or non-critical,CPG1.0.1,2.M,Maintain accurate documentation of baseline and current configuration details of all critical IT and OT assets.,1,0.0899,Related
CAND-01022,TSA-081,7.2,Evaluate pipeline cyber assets and classify as critical or non-critical,CPG1.0.1,5.A,"Develop, maintain, and execute plans to recover and restore mission-critical assets impacted by incidents.",2,0.0846,Related
CAND-01023,TSA-081,7.2,Evaluate pipeline cyber assets and classify as critical or non-critical,CPG1.0.1,2.T,Collect access and security-focused logs for detection and incident response; notify when critical sources disable.,3,0.0524,No Match
CAND-01024,TSA-082,T3,Establish and document policies and procedures for configuration information assessment,CPG1.0.1,2.M,Maintain accurate documentation of baseline and current configuration details of all critical IT and OT assets.,1,0.0731,No Match
CAND-01025,TSA-082,T3,Establish and document policies and procedures for configuration information assessment,CPG1.0.1,3.A,"Document list of relevant threats and maintain ability to detect instances via rules, alerting, or prevention systems.",2,0.0326,No Match
CAND-01026,TSA-082,T3,Establish and document policies and procedures for configuration information assessment,CPG1.0.1,2.V,Maintain policies preventing unauthorized media and hardware connection via USB disabling or port securing.,3,0.0295,No Match
CAND-01027,TSA-083,T3,Track changes made to pipeline cyber assets and assess patch/upgrade impacts,CPG1.0.1,2.M,Maintain accurate documentation of baseline and current configuration details of all critical IT and OT assets.,1,0.0295,No Match
CAND-01028,TSA-083,T3,Track changes made to pipeline cyber assets and assess patch/upgrade impacts,CPG1.0.1,2.B,Enforce system policy requiring minimum password length of 15+ characters for IT and OT assets.,2,0.0286,No Match
CAND-01029,TSA-083,T3,Track changes made to pipeline cyber assets and assess patch/upgrade impacts,CPG1.0.1,5.A,"Develop, maintain, and execute plans to recover and restore mission-critical assets impacted by incidents.",3,0.0277,No Match
CAND-01030,TSA-084,T3,Employ mechanisms to maintain accurate inventory and detect unauthorized components,CPG1.0.1,2.P,Maintain accurate documentation of network topology across all IT and OT networks with periodic reviews.,1,0.1399,Related
CAND-01031,TSA-084,T3,Employ mechanisms to maintain accurate inventory and detect unauthorized components,CPG1.0.1,2.M,Maintain accurate documentation of baseline and current configuration details of all critical IT and OT assets.,2,0.1355,Related
CAND-01032,TSA-084,T3,Employ mechanisms to maintain accurate inventory and detect unauthorized components,CPG1.0.1,3.A,"Document list of relevant threats and maintain ability to detect instances via rules, alerting, or prevention systems.",3,0.0674,No Match
CAND-01033,TSA-085,T3,Develop and maintain comprehensive network/system architecture diagrams,CPG1.0.1,5.A,"Develop, maintain, and execute plans to recover and restore mission-critical assets impacted by incidents.",1,0.1098,Related
CAND-01034,TSA-085,T3,Develop and maintain comprehensive network/system architecture diagrams,CPG1.0.1,2.P,Maintain accurate documentation of network topology across all IT and OT networks with periodic reviews.,2,0.0883,Related
CAND-01035,TSA-085,T3,Develop and maintain comprehensive network/system architecture diagrams,CPG1.0.1,2.F,All OT network connections denied by default; necessary IT-OT communications pass through monitored intermediary.,3,0.0518,No Match
CAND-01036,TSA-086,T3,"Review network connections periodically, including remote and third-party connections",CPG1.0.1,2.F,All OT network connections denied by default; necessary IT-OT communications pass through monitored intermediary.,1,0.1876,Partial
CAND-01037,TSA-086,T3,"Review network connections periodically, including remote and third-party connections",CPG1.0.1,2.P,Maintain accurate documentation of network topology across all IT and OT networks with periodic reviews.,2,0.0496,No Match
CAND-01038,TSA-086,T3,"Review network connections periodically, including remote and third-party connections",CPG1.0.1,1.B,"Maintain regularly updated inventory of all organizational assets with IP addresses, including OT, updated monthly.",3,0.0345,No Match
CAND-01039,TSA-087,T3,Develop detailed inventory for every endpoint,CPG1.0.1,1.B,"Maintain regularly updated inventory of all organizational assets with IP addresses, including OT, updated monthly.",1,0.0662,No Match
CAND-01040,TSA-087,T3,Develop detailed inventory for every endpoint,CPG1.0.1,5.A,"Develop, maintain, and execute plans to recover and restore mission-critical assets impacted by incidents.",2,0.0358,No Match
CAND-01041,TSA-087,T3,Develop detailed inventory for every endpoint,CPG1.0.1,4.B,All public-facing web domains have security.txt file conforming to RFC 9116 recommendations.,3,0.0,No Match
CAND-01042,TSA-088,T3,Review and assess pipeline cyber asset classification every 12 months,CPG1.0.1,5.A,"Develop, maintain, and execute plans to recover and restore mission-critical assets impacted by incidents.",1,0.0,No Match
CAND-01043,TSA-088,T3,Review and assess pipeline cyber asset classification every 12 months,CPG1.0.1,4.C,Maintain codified policy on reporting confirmed cybersecurity incidents to external entities and CISA.,2,0.0,No Match
CAND-01044,TSA-088,T3,Review and assess pipeline cyber asset classification every 12 months,CPG1.0.1,4.B,All public-facing web domains have security.txt file conforming to RFC 9116 recommendations.,3,0.0,No Match
CAND-01045,TSA-089,T3,Ensure non-critical asset changes to control operations trigger critical asset designation,CPG1.0.1,2.R,Regularly backup all systems necessary for operations at least annually; store separately and test annually.,1,0.0424,No Match
CAND-01046,TSA-089,T3,Ensure non-critical asset changes to control operations trigger critical asset designation,CPG1.0.1,2.M,Maintain accurate documentation of baseline and current configuration details of all critical IT and OT assets.,2,0.0413,No Match
CAND-01047,TSA-089,T3,Ensure non-critical asset changes to control operations trigger critical asset designation,CPG1.0.1,5.A,"Develop, maintain, and execute plans to recover and restore mission-critical assets impacted by incidents.",3,0.0389,No Match
CAND-01048,TSA-090,T3,"Establish and distribute cybersecurity policies, plans, processes, supporting procedures",CPG1.0.1,2.S,"Maintain, practice, and update IT and OT cybersecurity incident response plans for threat scenarios annually.",1,0.0756,No Match
CAND-01049,TSA-090,T3,"Establish and distribute cybersecurity policies, plans, processes, supporting procedures",CPG1.0.1,5.A,"Develop, maintain, and execute plans to recover and restore mission-critical assets impacted by incidents.",2,0.0453,No Match
CAND-01050,TSA-090,T3,"Establish and distribute cybersecurity policies, plans, processes, supporting procedures",CPG1.0.1,1.A,A single leader is responsible and accountable for cybersecurity within an organization.,3,0.038,No Match
CAND-01051,TSA-091,T3,"Review and assess cybersecurity policies regularly, not to exceed 36 months",CPG1.0.1,1.F,"Third parties regularly validate cybersecurity defenses through penetration tests, bug bounties, or incident simulations.",1,0.07,No Match
CAND-01052,TSA-091,T3,"Review and assess cybersecurity policies regularly, not to exceed 36 months",CPG1.0.1,2.R,Regularly backup all systems necessary for operations at least annually; store separately and test annually.,2,0.0435,No Match
CAND-01053,TSA-091,T3,"Review and assess cybersecurity policies regularly, not to exceed 36 months",CPG1.0.1,1.A,A single leader is responsible and accountable for cybersecurity within an organization.,3,0.0404,No Match
CAND-01054,TSA-092,T3,"Review and assess cybersecurity policies regularly, not to exceed 12 months for enhanced",CPG1.0.1,1.F,"Third parties regularly validate cybersecurity defenses through penetration tests, bug bounties, or incident simulations.",1,0.0652,No Match
CAND-01055,TSA-092,T3,"Review and assess cybersecurity policies regularly, not to exceed 12 months for enhanced",CPG1.0.1,2.R,Regularly backup all systems necessary for operations at least annually; store separately and test annually.,2,0.0405,No Match
CAND-01056,TSA-092,T3,"Review and assess cybersecurity policies regularly, not to exceed 12 months for enhanced",CPG1.0.1,1.A,A single leader is responsible and accountable for cybersecurity within an organization.,3,0.0376,No Match
CAND-01057,TSA-093,T3,"Develop operational framework for coordination, communication, accountability",CPG1.0.1,2.H,"Provide at least annual training covering phishing, email compromise, operational security, and password practices.",1,0.0638,No Match
CAND-01058,TSA-093,T3,"Develop operational framework for coordination, communication, accountability",CPG1.0.1,5.A,"Develop, maintain, and execute plans to recover and restore mission-critical assets impacted by incidents.",2,0.0281,No Match
CAND-01059,TSA-093,T3,"Develop operational framework for coordination, communication, accountability",CPG1.0.1,4.B,All public-facing web domains have security.txt file conforming to RFC 9116 recommendations.,3,0.0,No Match
CAND-01060,TSA-094,T3,Establish process to identify and evaluate vulnerabilities and compensating controls,CPG1.0.1,4.A,"Maintain public, discoverable method for security researchers to notify organizations of vulnerabilities.",1,0.058,No Match
CAND-01061,TSA-094,T3,Establish process to identify and evaluate vulnerabilities and compensating controls,CPG1.0.1,1.H,Contracts require vendors notify organizations of confirmed security vulnerabilities within a risk-informed timeframe.,2,0.0526,No Match
CAND-01062,TSA-094,T3,Establish process to identify and evaluate vulnerabilities and compensating controls,CPG1.0.1,1.E,All known exploited vulnerabilities in internet-facing systems are patched or mitigated within a risk-informed timeframe.,3,0.0501,No Match
CAND-01063,TSA-095,T3,Ensure threat and vulnerability information from sharing forums available to responsible personnel,CPG1.0.1,1.A,A single leader is responsible and accountable for cybersecurity within an organization.,1,0.0616,No Match
CAND-01064,TSA-095,T3,Ensure threat and vulnerability information from sharing forums available to responsible personnel,CPG1.0.1,1.C,A single leader is responsible and accountable for OT-specific cybersecurity within an organization.,2,0.053,No Match
CAND-01065,TSA-095,T3,Ensure threat and vulnerability information from sharing forums available to responsible personnel,CPG1.0.1,2.S,"Maintain, practice, and update IT and OT cybersecurity incident response plans for threat scenarios annually.",3,0.0393,No Match
CAND-01066,TSA-096,T3,Establish and enforce unique accounts for each individual user and administrator,CPG1.0.1,2.E,No user accounts have administrator privileges; administrators maintain separate accounts for non-administrative tasks.,1,0.183,Partial
CAND-01067,TSA-096,T3,Establish and enforce unique accounts for each individual user and administrator,CPG1.0.1,2.D,Enforce administrative process by employee departure date revoking physical access and disabling user accounts.,2,0.1245,Related
CAND-01068,TSA-096,T3,Establish and enforce unique accounts for each individual user and administrator,CPG1.0.1,2.C,Provision unique and separate credentials for similar services; users cannot reuse passwords across accounts.,3,0.1058,Related
CAND-01069,TSA-097,T3,Restrict user physical access to control systems using appropriate controls,CPG1.0.1,2.D,Enforce administrative process by employee departure date revoking physical access and disabling user accounts.,1,0.1595,Related
CAND-01070,TSA-097,T3,Restrict user physical access to control systems using appropriate controls,CPG1.0.1,2.K,"Implement MFA using strongest available method, prioritizing hardware-based phishing-resistant options.",2,0.0413,No Match
CAND-01071,TSA-097,T3,Restrict user physical access to control systems using appropriate controls,CPG1.0.1,2.R,Regularly backup all systems necessary for operations at least annually; store separately and test annually.,3,0.0406,No Match
CAND-01072,TSA-098,T3,"Employ stringent identity and access management practices (authenticators, passwords)",CPG1.0.1,2.H,"Provide at least annual training covering phishing, email compromise, operational security, and password practices.",1,0.0555,No Match
CAND-01073,TSA-098,T3,"Employ stringent identity and access management practices (authenticators, passwords)",CPG1.0.1,2.A,Enforce organization-wide policy requiring changing default manufacturer passwords before deployment.,2,0.0464,No Match
CAND-01074,TSA-098,T3,"Employ stringent identity and access management practices (authenticators, passwords)",CPG1.0.1,2.C,Provision unique and separate credentials for similar services; users cannot reuse passwords across accounts.,3,0.0456,No Match
CAND-01075,TSA-099,T3,"Expeditiously modify, delete, or deactivate user accounts for terminated personnel",CPG1.0.1,2.E,No user accounts have administrator privileges; administrators maintain separate accounts for non-administrative tasks.,1,0.1575,Related
CAND-01076,TSA-099,T3,"Expeditiously modify, delete, or deactivate user accounts for terminated personnel",CPG1.0.1,2.D,Enforce administrative process by employee departure date revoking physical access and disabling user accounts.,2,0.1189,Related
CAND-01077,TSA-099,T3,"Expeditiously modify, delete, or deactivate user accounts for terminated personnel",CPG1.0.1,2.C,Provision unique and separate credentials for similar services; users cannot reuse passwords across accounts.,3,0.0386,No Match
CAND-01078,TSA-100,T3,Establish and enforce access control policies for local and remote users,CPG1.0.1,2.D,Enforce administrative process by employee departure date revoking physical access and disabling user accounts.,1,0.0683,No Match
CAND-01079,TSA-100,T3,Establish and enforce access control policies for local and remote users,CPG1.0.1,2.N,"Sensitive data and credentials not stored in plaintext; accessible only by authenticated, authorized users.",2,0.0513,No Match
CAND-01080,TSA-100,T3,Establish and enforce access control policies for local and remote users,CPG1.0.1,2.U,"Store logs in central system accessible only by authorized, authenticated users; retain per risk guidelines.",3,0.0496,No Match
CAND-01081,TSA-101,T3,Implement controls for approving and enforcing policy for remote/third-party connections,CPG1.0.1,2.F,All OT network connections denied by default; necessary IT-OT communications pass through monitored intermediary.,1,0.0487,No Match
CAND-01082,TSA-101,T3,Implement controls for approving and enforcing policy for remote/third-party connections,CPG1.0.1,2.L,System-enforced policy disabling Microsoft Office macros by default on all devices.,2,0.0397,No Match
CAND-01083,TSA-101,T3,Implement controls for approving and enforcing policy for remote/third-party connections,CPG1.0.1,2.B,Enforce system policy requiring minimum password length of 15+ characters for IT and OT assets.,3,0.0369,No Match
CAND-01084,TSA-102,T3,Monitor physical and remote user access to critical pipeline cyber assets,CPG1.0.1,2.D,Enforce administrative process by employee departure date revoking physical access and disabling user accounts.,1,0.1127,Related
CAND-01085,TSA-102,T3,Monitor physical and remote user access to critical pipeline cyber assets,CPG1.0.1,2.M,Maintain accurate documentation of baseline and current configuration details of all critical IT and OT assets.,2,0.0597,No Match
CAND-01086,TSA-102,T3,Monitor physical and remote user access to critical pipeline cyber assets,CPG1.0.1,5.A,"Develop, maintain, and execute plans to recover and restore mission-critical assets impacted by incidents.",3,0.0561,No Match
CAND-01087,TSA-103,T3,Ensure appropriate segregation of duties in place or apply compensating controls,CPG1.0.1,5.A,"Develop, maintain, and execute plans to recover and restore mission-critical assets impacted by incidents.",1,0.0,No Match
CAND-01088,TSA-103,T3,Ensure appropriate segregation of duties in place or apply compensating controls,CPG1.0.1,4.C,Maintain codified policy on reporting confirmed cybersecurity incidents to external entities and CISA.,2,0.0,No Match
CAND-01089,TSA-103,T3,Ensure appropriate segregation of duties in place or apply compensating controls,CPG1.0.1,4.B,All public-facing web domains have security.txt file conforming to RFC 9116 recommendations.,3,0.0,No Match
CAND-01090,TSA-104,T3,Change all default passwords upon installation or implement compensating controls,CPG1.0.1,2.A,Enforce organization-wide policy requiring changing default manufacturer passwords before deployment.,1,0.1031,Related
CAND-01091,TSA-104,T3,Change all default passwords upon installation or implement compensating controls,CPG1.0.1,2.Q,"Require approval before new hardware, firmware, or software installation; maintain allowlist of approved items.",2,0.0592,No Match
CAND-01092,TSA-104,T3,Change all default passwords upon installation or implement compensating controls,CPG1.0.1,2.L,System-enforced policy disabling Microsoft Office macros by default on all devices.,3,0.0566,No Match
CAND-01093,TSA-105,T3,Employ mechanisms to support management of accounts,CPG1.0.1,2.E,No user accounts have administrator privileges; administrators maintain separate accounts for non-administrative tasks.,1,0.0973,Related
CAND-01094,TSA-105,T3,Employ mechanisms to support management of accounts,CPG1.0.1,2.C,Provision unique and separate credentials for similar services; users cannot reuse passwords across accounts.,2,0.0512,No Match
CAND-01095,TSA-105,T3,Employ mechanisms to support management of accounts,CPG1.0.1,2.D,Enforce administrative process by employee departure date revoking physical access and disabling user accounts.,3,0.0479,No Match
CAND-01096,TSA-106,T3,Ensure all persons requiring access receive cybersecurity awareness training,CPG1.0.1,2.I,Personnel securing OT receive specialized OT-focused cybersecurity training at least annually.,1,0.1277,Related
CAND-01097,TSA-106,T3,Ensure all persons requiring access receive cybersecurity awareness training,CPG1.0.1,2.B,Enforce system policy requiring minimum password length of 15+ characters for IT and OT assets.,2,0.0548,No Match
CAND-01098,TSA-106,T3,Ensure all persons requiring access receive cybersecurity awareness training,CPG1.0.1,2.A,Enforce organization-wide policy requiring changing default manufacturer passwords before deployment.,3,0.0537,No Match
CAND-01099,TSA-107,T3,Provide role-based security training on recognizing indicators of system compromise,CPG1.0.1,2.H,"Provide at least annual training covering phishing, email compromise, operational security, and password practices.",1,0.1426,Related
CAND-01100,TSA-107,T3,Provide role-based security training on recognizing indicators of system compromise,CPG1.0.1,2.K,"Implement MFA using strongest available method, prioritizing hardware-based phishing-resistant options.",2,0.0426,No Match
CAND-01101,TSA-107,T3,Provide role-based security training on recognizing indicators of system compromise,CPG1.0.1,2.I,Personnel securing OT receive specialized OT-focused cybersecurity training at least annually.,3,0.0385,No Match
CAND-01102,TSA-108,T3,Establish and execute cyber-threat awareness program including practical exercises,CPG1.0.1,5.A,"Develop, maintain, and execute plans to recover and restore mission-critical assets impacted by incidents.",1,0.0552,No Match
CAND-01103,TSA-108,T3,Establish and execute cyber-threat awareness program including practical exercises,CPG1.0.1,2.S,"Maintain, practice, and update IT and OT cybersecurity incident response plans for threat scenarios annually.",2,0.0398,No Match
CAND-01104,TSA-108,T3,Establish and execute cyber-threat awareness program including practical exercises,CPG1.0.1,1.B,"Maintain regularly updated inventory of all organizational assets with IP addresses, including OT, updated monthly.",3,0.0341,No Match
CAND-01105,TSA-109,T3,Establish and implement policies and procedures for data protection measures,CPG1.0.1,2.N,"Sensitive data and credentials not stored in plaintext; accessible only by authenticated, authorized users.",1,0.0631,No Match
CAND-01106,TSA-109,T3,Establish and implement policies and procedures for data protection measures,CPG1.0.1,2.J,Deploy properly configured SSL/TLS protecting data in transit when technically feasible.,2,0.0579,No Match
CAND-01107,TSA-109,T3,Establish and implement policies and procedures for data protection measures,CPG1.0.1,2.V,Maintain policies preventing unauthorized media and hardware connection via USB disabling or port securing.,3,0.0291,No Match
CAND-01108,TSA-110,T3,Segregate and protect pipeline cyber assets from enterprise networks using firewalls,CPG1.0.1,2.P,Maintain accurate documentation of network topology across all IT and OT networks with periodic reviews.,1,0.0604,No Match
CAND-01109,TSA-110,T3,Segregate and protect pipeline cyber assets from enterprise networks using firewalls,CPG1.0.1,2.K,"Implement MFA using strongest available method, prioritizing hardware-based phishing-resistant options.",2,0.0403,No Match
CAND-01110,TSA-110,T3,Segregate and protect pipeline cyber assets from enterprise networks using firewalls,CPG1.0.1,2.M,Maintain accurate documentation of baseline and current configuration details of all critical IT and OT assets.,3,0.0294,No Match
CAND-01111,TSA-111,T3,Regularly validate technical controls comply with cybersecurity policies and report,CPG1.0.1,1.F,"Third parties regularly validate cybersecurity defenses through penetration tests, bug bounties, or incident simulations.",1,0.1794,Related
CAND-01112,TSA-111,T3,Regularly validate technical controls comply with cybersecurity policies and report,CPG1.0.1,2.R,Regularly backup all systems necessary for operations at least annually; store separately and test annually.,2,0.0403,No Match
CAND-01113,TSA-111,T3,Regularly validate technical controls comply with cybersecurity policies and report,CPG1.0.1,1.A,A single leader is responsible and accountable for cybersecurity within an organization.,3,0.0375,No Match
CAND-01114,TSA-112,T3,Implement technical or procedural controls to restrict cyber assets for approved activities,CPG1.0.1,2.Q,"Require approval before new hardware, firmware, or software installation; maintain allowlist of approved items.",1,0.0529,No Match
CAND-01115,TSA-112,T3,Implement technical or procedural controls to restrict cyber assets for approved activities,CPG1.0.1,2.M,Maintain accurate documentation of baseline and current configuration details of all critical IT and OT assets.,2,0.0302,No Match
CAND-01116,TSA-112,T3,Implement technical or procedural controls to restrict cyber assets for approved activities,CPG1.0.1,2.B,Enforce system policy requiring minimum password length of 15+ characters for IT and OT assets.,3,0.0293,No Match
CAND-01117,TSA-113,T3,Implement processes to generate alerts and log cybersecurity events for anomalies,CPG1.0.1,2.G,Log all unsuccessful logins and alert security teams after specific consecutive failed attempts occur.,1,0.0536,No Match
CAND-01118,TSA-113,T3,Implement processes to generate alerts and log cybersecurity events for anomalies,CPG1.0.1,1.A,A single leader is responsible and accountable for cybersecurity within an organization.,2,0.0356,No Match
CAND-01119,TSA-113,T3,Implement processes to generate alerts and log cybersecurity events for anomalies,CPG1.0.1,1.C,A single leader is responsible and accountable for OT-specific cybersecurity within an organization.,3,0.0307,No Match
CAND-01120,TSA-114,T3,Review logs and respond to alerts in timely manner,CPG1.0.1,2.U,"Store logs in central system accessible only by authorized, authenticated users; retain per risk guidelines.",1,0.0603,No Match
CAND-01121,TSA-114,T3,Review logs and respond to alerts in timely manner,CPG1.0.1,2.T,Collect access and security-focused logs for detection and incident response; notify when critical sources disable.,2,0.0579,No Match
CAND-01122,TSA-114,T3,Review logs and respond to alerts in timely manner,CPG1.0.1,4.B,All public-facing web domains have security.txt file conforming to RFC 9116 recommendations.,3,0.0,No Match
CAND-01123,TSA-115,T3,Monitor for unauthorized access or introduction of malicious code,CPG1.0.1,2.V,Maintain policies preventing unauthorized media and hardware connection via USB disabling or port securing.,1,0.0376,No Match
CAND-01124,TSA-115,T3,Monitor for unauthorized access or introduction of malicious code,CPG1.0.1,2.T,Collect access and security-focused logs for detection and incident response; notify when critical sources disable.,2,0.0303,No Match
CAND-01125,TSA-115,T3,Monitor for unauthorized access or introduction of malicious code,CPG1.0.1,2.D,Enforce administrative process by employee departure date revoking physical access and disabling user accounts.,3,0.0291,No Match
CAND-01126,TSA-116,T3,Conduct cyber vulnerability assessments per risk assessment process,CPG1.0.1,1.G,Contracts stipulate vendors notify organizations of security incidents within a risk-informed timeframe.,1,0.0487,No Match
CAND-01127,TSA-116,T3,Conduct cyber vulnerability assessments per risk assessment process,CPG1.0.1,1.H,Contracts require vendors notify organizations of confirmed security vulnerabilities within a risk-informed timeframe.,2,0.0454,No Match
CAND-01128,TSA-116,T3,Conduct cyber vulnerability assessments per risk assessment process,CPG1.0.1,2.U,"Store logs in central system accessible only by authorized, authenticated users; retain per risk guidelines.",3,0.0452,No Match
CAND-01129,TSA-117,T3,Utilize independent assessors to conduct pipeline cyber security assessments,CPG1.0.1,4.A,"Maintain public, discoverable method for security researchers to notify organizations of vulnerabilities.",1,0.0143,No Match
CAND-01130,TSA-117,T3,Utilize independent assessors to conduct pipeline cyber security assessments,CPG1.0.1,1.G,Contracts stipulate vendors notify organizations of security incidents within a risk-informed timeframe.,2,0.0139,No Match
CAND-01131,TSA-117,T3,Utilize independent assessors to conduct pipeline cyber security assessments,CPG1.0.1,1.H,Contracts require vendors notify organizations of confirmed security vulnerabilities within a risk-informed timeframe.,3,0.013,No Match
CAND-01132,TSA-118,T3,Establish technical or procedural controls for cyber intrusion monitoring and detection,CPG1.0.1,2.T,Collect access and security-focused logs for detection and incident response; notify when critical sources disable.,1,0.0511,No Match
CAND-01133,TSA-118,T3,Establish technical or procedural controls for cyber intrusion monitoring and detection,CPG1.0.1,5.A,"Develop, maintain, and execute plans to recover and restore mission-critical assets impacted by incidents.",2,0.0,No Match
CAND-01134,TSA-118,T3,Establish technical or procedural controls for cyber intrusion monitoring and detection,CPG1.0.1,4.B,All public-facing web domains have security.txt file conforming to RFC 9116 recommendations.,3,0.0,No Match
CAND-01135,TSA-119,T3,Perform regular testing of intrusion and malware detection processes and procedures,CPG1.0.1,2.T,Collect access and security-focused logs for detection and incident response; notify when critical sources disable.,1,0.0481,No Match
CAND-01136,TSA-119,T3,Perform regular testing of intrusion and malware detection processes and procedures,CPG1.0.1,5.A,"Develop, maintain, and execute plans to recover and restore mission-critical assets impacted by incidents.",2,0.0,No Match
CAND-01137,TSA-119,T3,Perform regular testing of intrusion and malware detection processes and procedures,CPG1.0.1,4.B,All public-facing web domains have security.txt file conforming to RFC 9116 recommendations.,3,0.0,No Match
CAND-01138,TSA-120,T3,"Establish policies and procedures for cybersecurity incident handling, analysis, reporting",CPG1.0.1,2.S,"Maintain, practice, and update IT and OT cybersecurity incident response plans for threat scenarios annually.",1,0.1221,Related
CAND-01139,TSA-120,T3,"Establish policies and procedures for cybersecurity incident handling, analysis, reporting",CPG1.0.1,4.C,Maintain codified policy on reporting confirmed cybersecurity incidents to external entities and CISA.,2,0.0866,Related
CAND-01140,TSA-120,T3,"Establish policies and procedures for cybersecurity incident handling, analysis, reporting",CPG1.0.1,1.F,"Third parties regularly validate cybersecurity defenses through penetration tests, bug bounties, or incident simulations.",3,0.0581,No Match
CAND-01141,TSA-121,T3,Assign specific roles/tasks to individuals and teams for incident response,CPG1.0.1,2.S,"Maintain, practice, and update IT and OT cybersecurity incident response plans for threat scenarios annually.",1,0.1039,Related
CAND-01142,TSA-121,T3,Assign specific roles/tasks to individuals and teams for incident response,CPG1.0.1,2.T,Collect access and security-focused logs for detection and incident response; notify when critical sources disable.,2,0.0966,Related
CAND-01143,TSA-121,T3,Assign specific roles/tasks to individuals and teams for incident response,CPG1.0.1,2.G,Log all unsuccessful logins and alert security teams after specific consecutive failed attempts occur.,3,0.0923,Related
CAND-01144,TSA-122,T3,Establish and maintain cyber-incident response capability,CPG1.0.1,2.S,"Maintain, practice, and update IT and OT cybersecurity incident response plans for threat scenarios annually.",1,0.1682,Related
CAND-01145,TSA-122,T3,Establish and maintain cyber-incident response capability,CPG1.0.1,2.T,Collect access and security-focused logs for detection and incident response; notify when critical sources disable.,2,0.1289,Related
CAND-01146,TSA-122,T3,Establish and maintain cyber-incident response capability,CPG1.0.1,1.F,"Third parties regularly validate cybersecurity defenses through penetration tests, bug bounties, or incident simulations.",3,0.0387,No Match
CAND-01147,TSA-123,T3,Conduct cybersecurity incident response exercises periodically,CPG1.0.1,2.S,"Maintain, practice, and update IT and OT cybersecurity incident response plans for threat scenarios annually.",1,0.2409,Partial
CAND-01148,TSA-123,T3,Conduct cybersecurity incident response exercises periodically,CPG1.0.1,2.T,Collect access and security-focused logs for detection and incident response; notify when critical sources disable.,2,0.1259,Related
CAND-01149,TSA-123,T3,Conduct cybersecurity incident response exercises periodically,CPG1.0.1,1.F,"Third parties regularly validate cybersecurity defenses through penetration tests, bug bounties, or incident simulations.",3,0.0699,No Match
CAND-01150,TSA-124,T3,Establish and maintain process supporting 24-hour cyber incident response,CPG1.0.1,2.S,"Maintain, practice, and update IT and OT cybersecurity incident response plans for threat scenarios annually.",1,0.1268,Related
CAND-01151,TSA-124,T3,Establish and maintain process supporting 24-hour cyber incident response,CPG1.0.1,2.T,Collect access and security-focused logs for detection and incident response; notify when critical sources disable.,2,0.0971,Related
CAND-01152,TSA-124,T3,Establish and maintain process supporting 24-hour cyber incident response,CPG1.0.1,2.D,Enforce administrative process by employee departure date revoking physical access and disabling user accounts.,3,0.0404,No Match
CAND-01153,TSA-125,T3,Report significant cyber incidents to senior management and applicable ISACs,CPG1.0.1,1.G,Contracts stipulate vendors notify organizations of security incidents within a risk-informed timeframe.,1,0.038,No Match
CAND-01154,TSA-125,T3,Report significant cyber incidents to senior management and applicable ISACs,CPG1.0.1,4.C,Maintain codified policy on reporting confirmed cybersecurity incidents to external entities and CISA.,2,0.036,No Match
CAND-01155,TSA-125,T3,Report significant cyber incidents to senior management and applicable ISACs,CPG1.0.1,5.A,"Develop, maintain, and execute plans to recover and restore mission-critical assets impacted by incidents.",3,0.035,No Match
CAND-01156,TSA-126,T3,Follow notification criteria in Appendix B for cyber incidents,CPG1.0.1,1.G,Contracts stipulate vendors notify organizations of security incidents within a risk-informed timeframe.,1,0.0453,No Match
CAND-01157,TSA-126,T3,Follow notification criteria in Appendix B for cyber incidents,CPG1.0.1,4.C,Maintain codified policy on reporting confirmed cybersecurity incidents to external entities and CISA.,2,0.0429,No Match
CAND-01158,TSA-126,T3,Follow notification criteria in Appendix B for cyber incidents,CPG1.0.1,5.A,"Develop, maintain, and execute plans to recover and restore mission-critical assets impacted by incidents.",3,0.0417,No Match
CAND-01159,TSA-127,T3,Ensure response plans include mitigation measures to help prevent further impacts,CPG1.0.1,2.S,"Maintain, practice, and update IT and OT cybersecurity incident response plans for threat scenarios annually.",1,0.1336,Related
CAND-01160,TSA-127,T3,Ensure response plans include mitigation measures to help prevent further impacts,CPG1.0.1,1.I,Procurement documents include cybersecurity requirements evaluated during vendor selection.,2,0.0549,No Match
CAND-01161,TSA-127,T3,Ensure response plans include mitigation measures to help prevent further impacts,CPG1.0.1,5.A,"Develop, maintain, and execute plans to recover and restore mission-critical assets impacted by incidents.",3,0.041,No Match
CAND-01162,TSA-128,T3,Establish plan for recovery and reconstitution of cyber assets within business continuity timeframe,CPG1.0.1,1.G,Contracts stipulate vendors notify organizations of security incidents within a risk-informed timeframe.,1,0.0488,No Match
CAND-01163,TSA-128,T3,Establish plan for recovery and reconstitution of cyber assets within business continuity timeframe,CPG1.0.1,1.H,Contracts require vendors notify organizations of confirmed security vulnerabilities within a risk-informed timeframe.,2,0.0455,No Match
CAND-01164,TSA-128,T3,Establish plan for recovery and reconstitution of cyber assets within business continuity timeframe,CPG1.0.1,1.E,All known exploited vulnerabilities in internet-facing systems are patched or mitigated within a risk-informed timeframe.,3,0.0433,No Match
CAND-01165,TSA-129,T3,Review organization's cyber recovery plan annually and update as necessary,CPG1.0.1,2.R,Regularly backup all systems necessary for operations at least annually; store separately and test annually.,1,0.1386,Related
CAND-01166,TSA-129,T3,Review organization's cyber recovery plan annually and update as necessary,CPG1.0.1,2.S,"Maintain, practice, and update IT and OT cybersecurity incident response plans for threat scenarios annually.",2,0.0972,Related
CAND-01167,TSA-129,T3,Review organization's cyber recovery plan annually and update as necessary,CPG1.0.1,1.A,A single leader is responsible and accountable for cybersecurity within an organization.,3,0.068,No Match
CAND-01168,TSA-130,AppB,Notify TSOC via phone at 866-615-5150 or email at TSOC.ST@dhs.gov for security incidents,CPG1.0.1,1.G,Contracts stipulate vendors notify organizations of security incidents within a risk-informed timeframe.,1,0.1052,Related
CAND-01169,TSA-130,AppB,Notify TSOC via phone at 866-615-5150 or email at TSOC.ST@dhs.gov for security incidents,CPG1.0.1,4.A,"Maintain public, discoverable method for security researchers to notify organizations of vulnerabilities.",2,0.0421,No Match
CAND-01170,TSA-130,AppB,Notify TSOC via phone at 866-615-5150 or email at TSOC.ST@dhs.gov for security incidents,CPG1.0.1,2.H,"Provide at least annual training covering phishing, email compromise, operational security, and password practices.",3,0.0416,No Match
